,Survived,Pclass,Name,Sex,Age,SibSp,Parch,Fare,Cabin,Embarked,FamSize,IsAlone,AgeClass,HasCabin,AgeSex,FamClass,NameSex,IsMarried,SexMarried,AgeSexMarried,SexClass,SexCabin
0,0,3,Mr,male,3,1,0,0,None,S,1,False,33,False,3male,13,Mrmale,True,maleTrue,3maleTrue,male3,maleFalse
1,1,1,Mrs,female,4,1,0,3,C,C,1,False,41,True,4female,11,Mrsfemale,True,femaleTrue,4femaleTrue,female1,femaleTrue
2,1,3,Miss,female,3,0,0,1,None,S,0,True,33,False,3female,03,Missfemale,False,femaleFalse,3femaleFalse,female3,femaleFalse
3,1,1,Mrs,female,4,1,0,3,C,S,1,False,41,True,4female,11,Mrsfemale,True,femaleTrue,4femaleTrue,female1,femaleTrue
4,0,3,Mr,male,4,0,0,1,None,S,0,True,43,False,4male,03,Mrmale,False,maleFalse,4maleFalse,male3,maleFalse
5,0,3,Mr,male,2,0,0,1,None,Q,0,True,23,False,2male,03,Mrmale,False,maleFalse,2maleFalse,male3,maleFalse
6,0,1,Mr,male,5,0,0,3,E,S,0,True,51,True,5male,01,Mrmale,False,maleFalse,5maleFalse,male1,maleTrue
7,0,3,Master,male,0,3,1,2,None,S,4,False,03,False,0male,43,Mastermale,False,maleFalse,0maleFalse,male3,maleFalse
8,1,3,Mrs,female,3,0,2,1,None,S,2,False,33,False,3female,23,Mrsfemale,True,femaleTrue,3femaleTrue,female3,femaleFalse
9,1,2,Mrs,female,2,1,0,2,None,C,1,False,22,False,2female,12,Mrsfemale,True,femaleTrue,2femaleTrue,female2,femaleFalse
10,1,3,Miss,female,1,1,1,2,G,S,2,False,13,True,1female,23,Missfemale,False,femaleFalse,1femaleFalse,female3,femaleTrue
11,1,1,Miss,female,5,0,0,2,C,S,0,True,51,True,5female,01,Missfemale,False,femaleFalse,5femaleFalse,female1,femaleTrue
12,0,3,Mr,male,3,0,0,1,None,S,0,True,33,False,3male,03,Mrmale,False,maleFalse,3maleFalse,male3,maleFalse
13,0,3,Mr,male,4,1,5,3,None,S,6,False,43,False,4male,63,Mrmale,True,maleTrue,4maleTrue,male3,maleFalse
14,0,3,Miss,female,2,0,0,0,None,S,0,True,23,False,2female,03,Missfemale,False,femaleFalse,2femaleFalse,female3,femaleFalse
15,1,2,Mrs,female,5,0,0,2,None,S,0,True,52,False,5female,02,Mrsfemale,True,femaleTrue,5femaleTrue,female2,femaleFalse
16,0,3,Master,male,0,4,1,2,None,Q,5,False,03,False,0male,53,Mastermale,False,maleFalse,0maleFalse,male3,maleFalse
17,1,2,Mr,male,2,0,0,1,None,S,0,True,22,False,2male,02,Mrmale,False,maleFalse,2maleFalse,male2,maleFalse
18,0,3,Mrs,female,4,1,0,2,None,S,1,False,43,False,4female,13,Mrsfemale,True,femaleTrue,4femaleTrue,female3,femaleFalse
19,1,3,Mrs,female,5,0,0,0,None,C,0,True,53,False,5female,03,Mrsfemale,True,femaleTrue,5femaleTrue,female3,femaleFalse
20,0,2,Mr,male,4,0,0,2,None,S,0,True,42,False,4male,02,Mrmale,False,maleFalse,4maleFalse,male2,maleFalse
21,1,2,Mr,male,4,0,0,1,D,S,0,True,42,True,4male,02,Mrmale,False,maleFalse,4maleFalse,male2,maleTrue
22,1,3,Miss,female,2,0,0,1,None,Q,0,True,23,False,2female,03,Missfemale,False,femaleFalse,2femaleFalse,female3,femaleFalse
23,1,1,Mr,male,3,0,0,3,A,S,0,True,31,True,3male,01,Mrmale,False,maleFalse,3maleFalse,male1,maleTrue
24,0,3,Miss,female,1,3,1,2,None,S,4,False,13,False,1female,43,Missfemale,False,femaleFalse,1femaleFalse,female3,femaleFalse
25,1,3,Mrs,female,4,1,5,3,None,S,6,False,43,False,4female,63,Mrsfemale,True,femaleTrue,4femaleTrue,female3,femaleFalse
26,0,3,Mr,male,2,0,0,0,None,C,0,True,23,False,2male,03,Mrmale,False,maleFalse,2maleFalse,male3,maleFalse
27,0,1,Mr,male,2,3,2,3,C,S,5,False,21,True,2male,51,Mrmale,False,maleFalse,2maleFalse,male1,maleTrue
28,1,3,Miss,female,2,0,0,0,None,Q,0,True,23,False,2female,03,Missfemale,False,femaleFalse,2femaleFalse,female3,femaleFalse
29,0,3,Mr,male,2,0,0,0,None,S,0,True,23,False,2male,03,Mrmale,False,maleFalse,2maleFalse,male3,maleFalse
30,0,1,Uncommon,male,4,0,0,2,None,C,0,True,41,False,4male,01,Uncommonmale,False,maleFalse,4maleFalse,male1,maleFalse
31,1,1,Mrs,female,2,1,0,3,B,C,1,False,21,True,2female,11,Mrsfemale,True,femaleTrue,2femaleTrue,female1,femaleTrue
32,1,3,Miss,female,2,0,0,0,None,Q,0,True,23,False,2female,03,Missfemale,False,femaleFalse,2femaleFalse,female3,femaleFalse
33,0,2,Mr,male,5,0,0,1,None,S,0,True,52,False,5male,02,Mrmale,False,maleFalse,5maleFalse,male2,maleFalse
34,0,1,Mr,male,3,1,0,3,None,C,1,False,31,False,3male,11,Mrmale,True,maleTrue,3maleTrue,male1,maleFalse
35,0,1,Mr,male,4,1,0,3,None,S,1,False,41,False,4male,11,Mrmale,True,maleTrue,4maleTrue,male1,maleFalse
36,1,3,Mr,male,2,0,0,0,None,C,0,True,23,False,2male,03,Mrmale,False,maleFalse,2maleFalse,male3,maleFalse
37,0,3,Mr,male,3,0,0,1,None,S,0,True,33,False,3male,03,Mrmale,False,maleFalse,3maleFalse,male3,maleFalse
38,0,3,Miss,female,2,2,0,2,None,S,2,False,23,False,2female,23,Missfemale,False,femaleFalse,2femaleFalse,female3,femaleFalse
39,1,3,Miss,female,2,1,0,1,None,C,1,False,23,False,2female,13,Missfemale,False,femaleFalse,2femaleFalse,female3,femaleFalse
40,0,3,Mrs,female,4,1,0,1,None,S,1,False,43,False,4female,13,Mrsfemale,True,femaleTrue,4femaleTrue,female3,femaleFalse
41,0,2,Mrs,female,3,1,0,2,None,S,1,False,32,False,3female,12,Mrsfemale,True,femaleTrue,3femaleTrue,female2,femaleFalse
42,0,3,Mr,male,2,0,0,0,None,C,0,True,23,False,2male,03,Mrmale,False,maleFalse,2maleFalse,male3,maleFalse
43,1,2,Miss,female,1,1,2,3,None,C,3,False,12,False,1female,32,Missfemale,False,femaleFalse,1femaleFalse,female2,femaleFalse
44,1,3,Miss,female,2,0,0,0,None,Q,0,True,23,False,2female,03,Missfemale,False,femaleFalse,2femaleFalse,female3,femaleFalse
45,0,3,Mr,male,2,0,0,1,None,S,0,True,23,False,2male,03,Mrmale,False,maleFalse,2maleFalse,male3,maleFalse
46,0,3,Mr,male,2,1,0,2,None,Q,1,False,23,False,2male,13,Mrmale,False,maleFalse,2maleFalse,male3,maleFalse
47,1,3,Miss,female,2,0,0,0,None,Q,0,True,23,False,2female,03,Missfemale,False,femaleFalse,2femaleFalse,female3,femaleFalse
48,0,3,Mr,male,2,2,0,2,None,C,2,False,23,False,2male,23,Mrmale,False,maleFalse,2maleFalse,male3,maleFalse
49,0,3,Mrs,female,2,1,0,2,None,S,1,False,23,False,2female,13,Mrsfemale,True,femaleTrue,2femaleTrue,female3,femaleFalse
50,0,3,Master,male,1,4,1,3,None,S,5,False,13,False,1male,53,Mastermale,False,maleFalse,1maleFalse,male3,maleFalse
51,0,3,Mr,male,3,0,0,0,None,S,0,True,33,False,3male,03,Mrmale,False,maleFalse,3maleFalse,male3,maleFalse
52,1,1,Mrs,female,4,1,0,3,D,C,1,False,41,True,4female,11,Mrsfemale,True,femaleTrue,4femaleTrue,female1,femaleTrue
53,1,2,Mrs,female,3,1,0,2,None,S,1,False,32,False,3female,12,Mrsfemale,True,femaleTrue,3femaleTrue,female2,femaleFalse
54,0,1,Mr,male,5,0,1,3,B,C,1,False,51,True,5male,11,Mrmale,False,maleFalse,5maleFalse,male1,maleTrue
55,1,1,Mr,male,2,0,0,3,C,S,0,True,21,True,2male,01,Mrmale,False,maleFalse,2maleFalse,male1,maleTrue
56,1,2,Miss,female,3,0,0,1,None,S,0,True,32,False,3female,02,Missfemale,False,femaleFalse,3femaleFalse,female2,femaleFalse
57,0,3,Mr,male,3,0,0,0,None,C,0,True,33,False,3male,03,Mrmale,False,maleFalse,3maleFalse,male3,maleFalse
58,1,2,Miss,female,1,1,2,2,None,S,3,False,12,False,1female,32,Missfemale,False,femaleFalse,1femaleFalse,female2,femaleFalse
59,0,3,Master,male,1,5,2,3,None,S,7,False,13,False,1male,73,Mastermale,False,maleFalse,1maleFalse,male3,maleFalse
60,0,3,Mr,male,3,0,0,0,None,C,0,True,33,False,3male,03,Mrmale,False,maleFalse,3maleFalse,male3,maleFalse
61,1,1,Miss,female,4,0,0,3,B,S,0,True,41,True,4female,01,Missfemale,False,femaleFalse,4femaleFalse,female1,femaleTrue
62,0,1,Mr,male,4,1,0,3,C,S,1,False,41,True,4male,11,Mrmale,True,maleTrue,4maleTrue,male1,maleTrue
63,0,3,Master,male,1,3,2,2,None,S,5,False,13,False,1male,53,Mastermale,False,maleFalse,1maleFalse,male3,maleFalse
64,0,1,Mr,male,2,0,0,2,None,C,0,True,21,False,2male,01,Mrmale,False,maleFalse,2maleFalse,male1,maleFalse
65,1,3,Master,male,1,1,1,2,None,C,2,False,13,False,1male,23,Mastermale,False,maleFalse,1maleFalse,male3,maleFalse
66,1,2,Mrs,female,3,0,0,1,F,S,0,True,32,True,3female,02,Mrsfemale,True,femaleTrue,3femaleTrue,female2,femaleTrue
67,0,3,Mr,male,2,0,0,1,None,S,0,True,23,False,2male,03,Mrmale,False,maleFalse,2maleFalse,male3,maleFalse
68,1,3,Miss,female,2,4,2,1,None,S,6,False,23,False,2female,63,Missfemale,False,femaleFalse,2femaleFalse,female3,femaleFalse
69,0,3,Mr,male,3,2,0,1,None,S,2,False,33,False,3male,23,Mrmale,False,maleFalse,3maleFalse,male3,maleFalse
70,0,2,Mr,male,4,0,0,1,None,S,0,True,42,False,4male,02,Mrmale,False,maleFalse,4maleFalse,male2,maleFalse
71,0,3,Miss,female,2,5,2,3,None,S,7,False,23,False,2female,73,Missfemale,False,femaleFalse,2femaleFalse,female3,femaleFalse
72,0,2,Mr,male,3,0,0,3,None,S,0,True,32,False,3male,02,Mrmale,False,maleFalse,3maleFalse,male2,maleFalse
73,0,3,Mr,male,3,1,0,1,None,C,1,False,33,False,3male,13,Mrmale,True,maleTrue,3maleTrue,male3,maleFalse
74,1,3,Mr,male,4,0,0,3,None,S,0,True,43,False,4male,03,Mrmale,False,maleFalse,4maleFalse,male3,maleFalse
75,0,3,Mr,male,3,0,0,0,F G,S,0,True,33,True,3male,03,Mrmale,False,maleFalse,3maleFalse,male3,maleTrue
76,0,3,Mr,male,2,0,0,0,None,S,0,True,23,False,2male,03,Mrmale,False,maleFalse,2maleFalse,male3,maleFalse
77,0,3,Mr,male,2,0,0,1,None,S,0,True,23,False,2male,03,Mrmale,False,maleFalse,2maleFalse,male3,maleFalse
78,1,2,Master,male,0,0,2,2,None,S,2,False,02,False,0male,22,Mastermale,False,maleFalse,0maleFalse,male2,maleFalse
79,1,3,Miss,female,3,0,0,1,None,S,0,True,33,False,3female,03,Missfemale,False,femaleFalse,3femaleFalse,female3,femaleFalse
80,0,3,Mr,male,3,0,0,1,None,S,0,True,33,False,3male,03,Mrmale,False,maleFalse,3maleFalse,male3,maleFalse
81,1,3,Mr,male,3,0,0,1,None,S,0,True,33,False,3male,03,Mrmale,False,maleFalse,3maleFalse,male3,maleFalse
82,1,3,Miss,female,2,0,0,0,None,Q,0,True,23,False,2female,03,Missfemale,False,femaleFalse,2femaleFalse,female3,femaleFalse
83,0,1,Mr,male,3,0,0,3,None,S,0,True,31,False,3male,01,Mrmale,False,maleFalse,3maleFalse,male1,maleFalse
84,1,2,Miss,female,2,0,0,1,None,S,0,True,22,False,2female,02,Missfemale,False,femaleFalse,2femaleFalse,female2,femaleFalse
85,1,3,Mrs,female,4,3,0,2,None,S,3,False,43,False,4female,33,Mrsfemale,True,femaleTrue,4femaleTrue,female3,femaleFalse
86,0,3,Mr,male,2,1,3,3,None,S,4,False,23,False,2male,43,Mrmale,False,maleFalse,2maleFalse,male3,maleFalse
87,0,3,Mr,male,2,0,0,1,None,S,0,True,23,False,2male,03,Mrmale,False,maleFalse,2maleFalse,male3,maleFalse
88,1,1,Miss,female,3,3,2,3,C,S,5,False,31,True,3female,51,Missfemale,False,femaleFalse,3femaleFalse,female1,femaleTrue
89,0,3,Mr,male,3,0,0,1,None,S,0,True,33,False,3male,03,Mrmale,False,maleFalse,3maleFalse,male3,maleFalse
90,0,3,Mr,male,3,0,0,1,None,S,0,True,33,False,3male,03,Mrmale,False,maleFalse,3maleFalse,male3,maleFalse
91,0,3,Mr,male,3,0,0,0,None,S,0,True,33,False,3male,03,Mrmale,False,maleFalse,3maleFalse,male3,maleFalse
92,0,1,Mr,male,4,1,0,3,E,S,1,False,41,True,4male,11,Mrmale,True,maleTrue,4maleTrue,male1,maleTrue
93,0,3,Mr,male,3,1,2,2,None,S,3,False,33,False,3male,33,Mrmale,True,maleTrue,3maleTrue,male3,maleFalse
94,0,3,Mr,male,5,0,0,0,None,S,0,True,53,False,5male,03,Mrmale,False,maleFalse,5maleFalse,male3,maleFalse
95,0,3,Mr,male,2,0,0,1,None,S,0,True,23,False,2male,03,Mrmale,False,maleFalse,2maleFalse,male3,maleFalse
96,0,1,Mr,male,5,0,0,3,A,C,0,True,51,True,5male,01,Mrmale,False,maleFalse,5maleFalse,male1,maleTrue
97,1,1,Mr,male,3,0,1,3,D,C,1,False,31,True,3male,11,Mrmale,False,maleFalse,3maleFalse,male1,maleTrue
98,1,2,Mrs,female,4,0,1,2,None,S,1,False,42,False,4female,12,Mrsfemale,True,femaleTrue,4femaleTrue,female2,femaleFalse
99,0,2,Mr,male,4,1,0,2,None,S,1,False,42,False,4male,12,Mrmale,True,maleTrue,4maleTrue,male2,maleFalse
100,0,3,Miss,female,3,0,0,0,None,S,0,True,33,False,3female,03,Missfemale,False,femaleFalse,3femaleFalse,female3,femaleFalse
101,0,3,Mr,male,2,0,0,0,None,S,0,True,23,False,2male,03,Mrmale,False,maleFalse,2maleFalse,male3,maleFalse
102,0,1,Mr,male,3,0,1,3,D,S,1,False,31,True,3male,11,Mrmale,False,maleFalse,3maleFalse,male1,maleTrue
103,0,3,Mr,male,4,0,0,1,None,S,0,True,43,False,4male,03,Mrmale,False,maleFalse,4maleFalse,male3,maleFalse
104,0,3,Mr,male,4,2,0,1,None,S,2,False,43,False,4male,23,Mrmale,False,maleFalse,4maleFalse,male3,maleFalse
105,0,3,Mr,male,3,0,0,0,None,S,0,True,33,False,3male,03,Mrmale,False,maleFalse,3maleFalse,male3,maleFalse
106,1,3,Miss,female,3,0,0,0,None,S,0,True,33,False,3female,03,Missfemale,False,femaleFalse,3femaleFalse,female3,femaleFalse
107,1,3,Mr,male,2,0,0,0,None,S,0,True,23,False,2male,03,Mrmale,False,maleFalse,2maleFalse,male3,maleFalse
108,0,3,Mr,male,4,0,0,0,None,S,0,True,43,False,4male,03,Mrmale,False,maleFalse,4maleFalse,male3,maleFalse
109,1,3,Miss,female,2,1,0,2,None,Q,1,False,23,False,2female,13,Missfemale,False,femaleFalse,2femaleFalse,female3,femaleFalse
110,0,1,Mr,male,4,0,0,3,C,S,0,True,41,True,4male,01,Mrmale,False,maleFalse,4maleFalse,male1,maleTrue
111,0,3,Miss,female,2,1,0,1,None,C,1,False,23,False,2female,13,Missfemale,False,femaleFalse,2femaleFalse,female3,femaleFalse
112,0,3,Mr,male,3,0,0,1,None,S,0,True,33,False,3male,03,Mrmale,False,maleFalse,3maleFalse,male3,maleFalse
113,0,3,Miss,female,3,1,0,1,None,S,1,False,33,False,3female,13,Missfemale,False,femaleFalse,3femaleFalse,female3,femaleFalse
114,0,3,Miss,female,2,0,0,2,None,C,0,True,23,False,2female,03,Missfemale,False,femaleFalse,2femaleFalse,female3,femaleFalse
115,0,3,Mr,male,3,0,0,1,None,S,0,True,33,False,3male,03,Mrmale,False,maleFalse,3maleFalse,male3,maleFalse
116,0,3,Mr,male,5,0,0,0,None,Q,0,True,53,False,5male,03,Mrmale,False,maleFalse,5maleFalse,male3,maleFalse
117,0,2,Mr,male,3,1,0,2,None,S,1,False,32,False,3male,12,Mrmale,True,maleTrue,3maleTrue,male2,maleFalse
118,0,1,Mr,male,3,0,1,3,B,C,1,False,31,True,3male,11,Mrmale,False,maleFalse,3maleFalse,male1,maleTrue
119,0,3,Miss,female,0,4,2,3,None,S,6,False,03,False,0female,63,Missfemale,False,femaleFalse,0femaleFalse,female3,femaleFalse
120,0,2,Mr,male,3,2,0,3,None,S,2,False,32,False,3male,22,Mrmale,False,maleFalse,3maleFalse,male2,maleFalse
121,0,3,Mr,male,2,0,0,1,None,S,0,True,23,False,2male,03,Mrmale,False,maleFalse,2maleFalse,male3,maleFalse
122,0,2,Mr,male,4,1,0,2,None,C,1,False,42,False,4male,12,Mrmale,True,maleTrue,4maleTrue,male2,maleFalse
123,1,2,Miss,female,4,0,0,1,E,S,0,True,42,True,4female,02,Missfemale,False,femaleFalse,4femaleFalse,female2,femaleTrue
124,0,1,Mr,male,5,0,1,3,D,S,1,False,51,True,5male,11,Mrmale,False,maleFalse,5maleFalse,male1,maleTrue
125,1,3,Master,male,1,1,0,1,None,C,1,False,13,False,1male,13,Mastermale,False,maleFalse,1maleFalse,male3,maleFalse
126,0,3,Mr,male,2,0,0,0,None,Q,0,True,23,False,2male,03,Mrmale,False,maleFalse,2maleFalse,male3,maleFalse
127,1,3,Mr,male,3,0,0,0,None,S,0,True,33,False,3male,03,Mrmale,False,maleFalse,3maleFalse,male3,maleFalse
128,1,3,Miss,female,1,1,1,2,F E,C,2,False,13,True,1female,23,Missfemale,False,femaleFalse,1femaleFalse,female3,femaleTrue
129,0,3,Mr,male,4,0,0,0,None,S,0,True,43,False,4male,03,Mrmale,False,maleFalse,4maleFalse,male3,maleFalse
130,0,3,Mr,male,4,0,0,0,None,C,0,True,43,False,4male,03,Mrmale,False,maleFalse,4maleFalse,male3,maleFalse
131,0,3,Mr,male,3,0,0,0,None,S,0,True,33,False,3male,03,Mrmale,False,maleFalse,3maleFalse,male3,maleFalse
132,0,3,Mrs,female,4,1,0,2,None,S,1,False,43,False,4female,13,Mrsfemale,True,femaleTrue,4femaleTrue,female3,femaleFalse
133,1,2,Mrs,female,3,1,0,2,None,S,1,False,32,False,3female,12,Mrsfemale,True,femaleTrue,3femaleTrue,female2,femaleFalse
134,0,2,Mr,male,3,0,0,1,None,S,0,True,32,False,3male,02,Mrmale,False,maleFalse,3maleFalse,male2,maleFalse
135,0,2,Mr,male,3,0,0,2,None,C,0,True,32,False,3male,02,Mrmale,False,maleFalse,3maleFalse,male2,maleFalse
136,1,1,Miss,female,2,0,2,2,D,S,2,False,21,True,2female,21,Missfemale,False,femaleFalse,2femaleFalse,female1,femaleTrue
137,0,1,Mr,male,4,1,0,3,C,S,1,False,41,True,4male,11,Mrmale,True,maleTrue,4maleTrue,male1,maleTrue
138,0,3,Mr,male,2,0,0,1,None,S,0,True,23,False,2male,03,Mrmale,False,maleFalse,2maleFalse,male3,maleFalse
139,0,1,Mr,male,3,0,0,3,B,C,0,True,31,True,3male,01,Mrmale,False,maleFalse,3maleFalse,male1,maleTrue
140,0,3,Mrs,female,2,0,2,2,None,C,2,False,23,False,2female,23,Mrsfemale,True,femaleTrue,2femaleTrue,female3,femaleFalse
141,1,3,Miss,female,3,0,0,0,None,S,0,True,33,False,3female,03,Missfemale,False,femaleFalse,3femaleFalse,female3,femaleFalse
142,1,3,Mrs,female,3,1,0,2,None,S,1,False,33,False,3female,13,Mrsfemale,True,femaleTrue,3femaleTrue,female3,femaleFalse
143,0,3,Mr,male,2,0,0,0,None,Q,0,True,23,False,2male,03,Mrmale,False,maleFalse,2maleFalse,male3,maleFalse
144,0,2,Mr,male,2,0,0,1,None,S,0,True,22,False,2male,02,Mrmale,False,maleFalse,2maleFalse,male2,maleFalse
145,0,2,Mr,male,2,1,1,3,None,S,2,False,22,False,2male,22,Mrmale,False,maleFalse,2maleFalse,male2,maleFalse
146,1,3,Mr,male,3,0,0,0,None,S,0,True,33,False,3male,03,Mrmale,False,maleFalse,3maleFalse,male3,maleFalse
147,0,3,Miss,female,1,2,2,3,None,S,4,False,13,False,1female,43,Missfemale,False,femaleFalse,1femaleFalse,female3,femaleFalse
148,0,2,Mr,male,4,0,2,2,F,S,2,False,42,True,4male,22,Mrmale,False,maleFalse,4maleFalse,male2,maleTrue
149,0,2,Uncommon,male,4,0,0,1,None,S,0,True,42,False,4male,02,Uncommonmale,False,maleFalse,4maleFalse,male2,maleFalse
150,0,2,Uncommon,male,5,0,0,1,None,S,0,True,52,False,5male,02,Uncommonmale,False,maleFalse,5maleFalse,male2,maleFalse
151,1,1,Mrs,female,3,1,0,3,C,S,1,False,31,True,3female,11,Mrsfemale,True,femaleTrue,3femaleTrue,female1,femaleTrue
152,0,3,Mr,male,5,0,0,1,None,S,0,True,53,False,5male,03,Mrmale,False,maleFalse,5maleFalse,male3,maleFalse
153,0,3,Mr,male,4,0,2,2,None,S,2,False,43,False,4male,23,Mrmale,False,maleFalse,4maleFalse,male3,maleFalse
154,0,3,Mr,male,2,0,0,0,None,S,0,True,23,False,2male,03,Mrmale,False,maleFalse,2maleFalse,male3,maleFalse
155,0,1,Mr,male,5,0,1,3,None,C,1,False,51,False,5male,11,Mrmale,False,maleFalse,5maleFalse,male1,maleFalse
156,1,3,Miss,female,2,0,0,0,None,Q,0,True,23,False,2female,03,Missfemale,False,femaleFalse,2femaleFalse,female3,femaleFalse
157,0,3,Mr,male,3,0,0,1,None,S,0,True,33,False,3male,03,Mrmale,False,maleFalse,3maleFalse,male3,maleFalse
158,0,3,Mr,male,2,0,0,1,None,S,0,True,23,False,2male,03,Mrmale,False,maleFalse,2maleFalse,male3,maleFalse
159,0,3,Master,male,1,8,2,3,None,S,10,False,13,False,1male,103,Mastermale,False,maleFalse,1maleFalse,male3,maleFalse
160,0,3,Mr,male,4,0,1,2,None,S,1,False,43,False,4male,13,Mrmale,False,maleFalse,4maleFalse,male3,maleFalse
161,1,2,Mrs,female,4,0,0,2,None,S,0,True,42,False,4female,02,Mrsfemale,True,femaleTrue,4femaleTrue,female2,femaleFalse
162,0,3,Mr,male,3,0,0,0,None,S,0,True,33,False,3male,03,Mrmale,False,maleFalse,3maleFalse,male3,maleFalse
163,0,3,Mr,male,2,0,0,1,None,S,0,True,23,False,2male,03,Mrmale,False,maleFalse,2maleFalse,male3,maleFalse
164,0,3,Master,male,0,4,1,3,None,S,5,False,03,False,0male,53,Mastermale,False,maleFalse,0maleFalse,male3,maleFalse
165,1,3,Master,male,1,0,2,2,None,S,2,False,13,False,1male,23,Mastermale,False,maleFalse,1maleFalse,male3,maleFalse
166,1,1,Mrs,female,2,0,1,3,E,S,1,False,21,True,2female,11,Mrsfemale,True,femaleTrue,2femaleTrue,female1,femaleTrue
167,0,3,Mrs,female,4,1,4,2,None,S,5,False,43,False,4female,53,Mrsfemale,True,femaleTrue,4femaleTrue,female3,femaleFalse
168,0,1,Mr,male,2,0,0,2,None,S,0,True,21,False,2male,01,Mrmale,False,maleFalse,2maleFalse,male1,maleFalse
169,0,3,Mr,male,3,0,0,3,None,S,0,True,33,False,3male,03,Mrmale,False,maleFalse,3maleFalse,male3,maleFalse
170,0,1,Mr,male,5,0,0,3,B,S,0,True,51,True,5male,01,Mrmale,False,maleFalse,5maleFalse,male1,maleTrue
171,0,3,Master,male,1,4,1,2,None,Q,5,False,13,False,1male,53,Mastermale,False,maleFalse,1maleFalse,male3,maleFalse
172,1,3,Miss,female,0,1,1,1,None,S,2,False,03,False,0female,23,Missfemale,False,femaleFalse,0femaleFalse,female3,femaleFalse
173,0,3,Mr,male,3,0,0,1,None,S,0,True,33,False,3male,03,Mrmale,False,maleFalse,3maleFalse,male3,maleFalse
174,0,1,Mr,male,5,0,0,2,A,C,0,True,51,True,5male,01,Mrmale,False,maleFalse,5maleFalse,male1,maleTrue
175,0,3,Mr,male,2,1,1,0,None,S,2,False,23,False,2male,23,Mrmale,False,maleFalse,2maleFalse,male3,maleFalse
176,0,3,Master,male,1,3,1,2,None,S,4,False,13,False,1male,43,Mastermale,False,maleFalse,1maleFalse,male3,maleFalse
177,0,1,Miss,female,4,0,0,2,C,C,0,True,41,True,4female,01,Missfemale,False,femaleFalse,4femaleFalse,female1,femaleTrue
178,0,2,Mr,male,3,0,0,1,None,S,0,True,32,False,3male,02,Mrmale,False,maleFalse,3maleFalse,male2,maleFalse
179,0,3,Mr,male,4,0,0,0,None,S,0,True,43,False,4male,03,Mrmale,False,maleFalse,4maleFalse,male3,maleFalse
180,0,3,Miss,female,2,8,2,3,None,S,10,False,23,False,2female,103,Missfemale,False,femaleFalse,2femaleFalse,female3,femaleFalse
181,0,2,Mr,male,2,0,0,2,None,C,0,True,22,False,2male,02,Mrmale,False,maleFalse,2maleFalse,male2,maleFalse
182,0,3,Master,male,1,4,2,3,None,S,6,False,13,False,1male,63,Mastermale,False,maleFalse,1maleFalse,male3,maleFalse
183,1,2,Master,male,0,2,1,3,F,S,3,False,02,True,0male,32,Mastermale,False,maleFalse,0maleFalse,male2,maleTrue
184,1,3,Miss,female,1,0,2,2,None,S,2,False,13,False,1female,23,Missfemale,False,femaleFalse,1femaleFalse,female3,femaleFalse
185,0,1,Mr,male,2,0,0,3,A,S,0,True,21,True,2male,01,Mrmale,False,maleFalse,2maleFalse,male1,maleTrue
186,1,3,Mrs,female,2,1,0,2,None,Q,1,False,23,False,2female,13,Mrsfemale,True,femaleTrue,2femaleTrue,female3,femaleFalse
187,1,1,Mr,male,4,0,0,2,None,S,0,True,41,False,4male,01,Mrmale,False,maleFalse,4maleFalse,male1,maleFalse
188,0,3,Mr,male,4,1,1,2,None,Q,2,False,43,False,4male,23,Mrmale,True,maleTrue,4maleTrue,male3,maleFalse
189,0,3,Mr,male,4,0,0,0,None,S,0,True,43,False,4male,03,Mrmale,False,maleFalse,4maleFalse,male3,maleFalse
190,1,2,Mrs,female,4,0,0,1,None,S,0,True,42,False,4female,02,Mrsfemale,True,femaleTrue,4femaleTrue,female2,femaleFalse
191,0,2,Mr,male,2,0,0,1,None,S,0,True,22,False,2male,02,Mrmale,False,maleFalse,2maleFalse,male2,maleFalse
192,1,3,Miss,female,2,1,0,0,None,S,1,False,23,False,2female,13,Missfemale,False,femaleFalse,2femaleFalse,female3,femaleFalse
193,1,2,Master,male,1,1,1,2,F,S,2,False,12,True,1male,22,Mastermale,False,maleFalse,1maleFalse,male2,maleTrue
194,1,1,Mrs,female,4,0,0,2,B,C,0,True,41,True,4female,01,Mrsfemale,True,femaleTrue,4femaleTrue,female1,femaleTrue
195,1,1,Miss,female,5,0,0,3,B,C,0,True,51,True,5female,01,Missfemale,False,femaleFalse,5femaleFalse,female1,femaleTrue
196,0,3,Mr,male,2,0,0,0,None,Q,0,True,23,False,2male,03,Mrmale,False,maleFalse,2maleFalse,male3,maleFalse
197,0,3,Mr,male,4,0,1,1,None,S,1,False,43,False,4male,13,Mrmale,False,maleFalse,4maleFalse,male3,maleFalse
198,1,3,Miss,female,2,0,0,0,None,Q,0,True,23,False,2female,03,Missfemale,False,femaleFalse,2femaleFalse,female3,femaleFalse
199,0,2,Miss,female,3,0,0,1,None,S,0,True,32,False,3female,02,Missfemale,False,femaleFalse,3femaleFalse,female2,femaleFalse
200,0,3,Mr,male,3,0,0,1,None,S,0,True,33,False,3male,03,Mrmale,False,maleFalse,3maleFalse,male3,maleFalse
201,0,3,Mr,male,2,8,2,3,None,S,10,False,23,False,2male,103,Mrmale,False,maleFalse,2maleFalse,male3,maleFalse
202,0,3,Mr,male,4,0,0,0,None,S,0,True,43,False,4male,03,Mrmale,False,maleFalse,4maleFalse,male3,maleFalse
203,0,3,Mr,male,4,0,0,0,None,C,0,True,43,False,4male,03,Mrmale,False,maleFalse,4maleFalse,male3,maleFalse
204,1,3,Mr,male,2,0,0,1,None,S,0,True,23,False,2male,03,Mrmale,False,maleFalse,2maleFalse,male3,maleFalse
205,0,3,Miss,female,0,0,1,1,G,S,1,False,03,True,0female,13,Missfemale,False,femaleFalse,0femaleFalse,female3,femaleTrue
206,0,3,Mr,male,4,1,0,2,None,S,1,False,43,False,4male,13,Mrmale,True,maleTrue,4maleTrue,male3,maleFalse
207,1,3,Mr,male,3,0,0,2,None,C,0,True,33,False,3male,03,Mrmale,False,maleFalse,3maleFalse,male3,maleFalse
208,1,3,Miss,female,2,0,0,0,None,Q,0,True,23,False,2female,03,Missfemale,False,femaleFalse,2femaleFalse,female3,femaleFalse
209,1,1,Mr,male,4,0,0,2,A,C,0,True,41,True,4male,01,Mrmale,False,maleFalse,4maleFalse,male1,maleTrue
210,0,3,Mr,male,3,0,0,0,None,S,0,True,33,False,3male,03,Mrmale,False,maleFalse,3maleFalse,male3,maleFalse
211,1,2,Miss,female,4,0,0,2,None,S,0,True,42,False,4female,02,Missfemale,False,femaleFalse,4femaleFalse,female2,femaleFalse
212,0,3,Mr,male,3,0,0,0,None,S,0,True,33,False,3male,03,Mrmale,False,maleFalse,3maleFalse,male3,maleFalse
213,0,2,Mr,male,3,0,0,1,None,S,0,True,32,False,3male,02,Mrmale,False,maleFalse,3maleFalse,male2,maleFalse
214,0,3,Mr,male,2,1,0,0,None,Q,1,False,23,False,2male,13,Mrmale,False,maleFalse,2maleFalse,male3,maleFalse
215,1,1,Miss,female,4,1,0,3,D,C,1,False,41,True,4female,11,Missfemale,False,femaleFalse,4femaleFalse,female1,femaleTrue
216,1,3,Miss,female,3,0,0,1,None,S,0,True,33,False,3female,03,Missfemale,False,femaleFalse,3femaleFalse,female3,femaleFalse
217,0,2,Mr,male,4,1,0,2,None,S,1,False,42,False,4male,12,Mrmale,True,maleTrue,4maleTrue,male2,maleFalse
218,1,1,Miss,female,4,0,0,3,D,C,0,True,41,True,4female,01,Missfemale,False,femaleFalse,4femaleFalse,female1,femaleTrue
219,0,2,Mr,male,3,0,0,1,None,S,0,True,32,False,3male,02,Mrmale,False,maleFalse,3maleFalse,male2,maleFalse
220,1,3,Mr,male,2,0,0,1,None,S,0,True,23,False,2male,03,Mrmale,False,maleFalse,2maleFalse,male3,maleFalse
221,0,2,Mr,male,3,0,0,1,None,S,0,True,32,False,3male,02,Mrmale,False,maleFalse,3maleFalse,male2,maleFalse
222,0,3,Mr,male,5,0,0,1,None,S,0,True,53,False,5male,03,Mrmale,False,maleFalse,5maleFalse,male3,maleFalse
223,0,3,Mr,male,2,0,0,0,None,S,0,True,23,False,2male,03,Mrmale,False,maleFalse,2maleFalse,male3,maleFalse
224,1,1,Mr,male,4,1,0,3,C,S,1,False,41,True,4male,11,Mrmale,True,maleTrue,4maleTrue,male1,maleTrue
225,0,3,Mr,male,3,0,0,1,None,S,0,True,33,False,3male,03,Mrmale,False,maleFalse,3maleFalse,male3,maleFalse
226,1,2,Mr,male,2,0,0,1,None,S,0,True,22,False,2male,02,Mrmale,False,maleFalse,2maleFalse,male2,maleFalse
227,0,3,Mr,male,3,0,0,0,None,S,0,True,33,False,3male,03,Mrmale,False,maleFalse,3maleFalse,male3,maleFalse
228,0,2,Mr,male,2,0,0,1,None,S,0,True,22,False,2male,02,Mrmale,False,maleFalse,2maleFalse,male2,maleFalse
229,0,3,Miss,female,1,3,1,2,None,S,4,False,13,False,1female,43,Missfemale,False,femaleFalse,1femaleFalse,female3,femaleFalse
230,1,1,Mrs,female,4,1,0,3,C,S,1,False,41,True,4female,11,Mrsfemale,True,femaleTrue,4femaleTrue,female1,femaleTrue
231,0,3,Mr,male,3,0,0,0,None,S,0,True,33,False,3male,03,Mrmale,False,maleFalse,3maleFalse,male3,maleFalse
232,0,2,Mr,male,5,0,0,1,None,S,0,True,52,False,5male,02,Mrmale,False,maleFalse,5maleFalse,male2,maleFalse
233,1,3,Miss,female,1,4,2,3,None,S,6,False,13,False,1female,63,Missfemale,False,femaleFalse,1femaleFalse,female3,femaleFalse
234,0,2,Mr,male,3,0,0,1,None,S,0,True,32,False,3male,02,Mrmale,False,maleFalse,3maleFalse,male2,maleFalse
235,0,3,Miss,female,2,0,0,0,None,S,0,True,23,False,2female,03,Missfemale,False,femaleFalse,2femaleFalse,female3,femaleFalse
236,0,2,Mr,male,4,1,0,2,None,S,1,False,42,False,4male,12,Mrmale,True,maleTrue,4maleTrue,male2,maleFalse
237,1,2,Miss,female,1,0,2,2,None,S,2,False,12,False,1female,22,Missfemale,False,femaleFalse,1femaleFalse,female2,femaleFalse
238,0,2,Mr,male,2,0,0,1,None,S,0,True,22,False,2male,02,Mrmale,False,maleFalse,2maleFalse,male2,maleFalse
239,0,2,Mr,male,4,0,0,1,None,S,0,True,42,False,4male,02,Mrmale,False,maleFalse,4maleFalse,male2,maleFalse
240,0,3,Miss,female,2,1,0,1,None,C,1,False,23,False,2female,13,Missfemale,False,femaleFalse,2femaleFalse,female3,femaleFalse
241,1,3,Miss,female,2,1,0,2,None,Q,1,False,23,False,2female,13,Missfemale,False,femaleFalse,2femaleFalse,female3,femaleFalse
242,0,2,Mr,male,3,0,0,1,None,S,0,True,32,False,3male,02,Mrmale,False,maleFalse,3maleFalse,male2,maleFalse
243,0,3,Mr,male,3,0,0,0,None,S,0,True,33,False,3male,03,Mrmale,False,maleFalse,3maleFalse,male3,maleFalse
244,0,3,Mr,male,3,0,0,0,None,C,0,True,33,False,3male,03,Mrmale,False,maleFalse,3maleFalse,male3,maleFalse
245,0,1,Uncommon,male,4,2,0,3,C,Q,2,False,41,True,4male,21,Uncommonmale,False,maleFalse,4maleFalse,male1,maleTrue
246,0,3,Miss,female,3,0,0,0,None,S,0,True,33,False,3female,03,Missfemale,False,femaleFalse,3femaleFalse,female3,femaleFalse
247,1,2,Mrs,female,3,0,2,2,None,S,2,False,32,False,3female,22,Mrsfemale,True,femaleTrue,3femaleTrue,female2,femaleFalse
248,1,1,Mr,male,4,1,1,3,D,S,2,False,41,True,4male,21,Mrmale,True,maleTrue,4maleTrue,male1,maleTrue
249,0,2,Uncommon,male,5,1,0,2,None,S,1,False,52,False,5male,12,Uncommonmale,True,maleTrue,5maleTrue,male2,maleFalse
250,0,3,Mr,male,2,0,0,0,None,S,0,True,23,False,2male,03,Mrmale,False,maleFalse,2maleFalse,male3,maleFalse
251,0,3,Mrs,female,3,1,1,1,G,S,2,False,33,True,3female,23,Mrsfemale,True,femaleTrue,3femaleTrue,female3,femaleTrue
252,0,1,Mr,male,5,0,0,2,C,S,0,True,51,True,5male,01,Mrmale,False,maleFalse,5maleFalse,male1,maleTrue
253,0,3,Mr,male,3,1,0,2,None,S,1,False,33,False,3male,13,Mrmale,True,maleTrue,3maleTrue,male3,maleFalse
254,0,3,Mrs,female,4,0,2,2,None,S,2,False,43,False,4female,23,Mrsfemale,True,femaleTrue,4femaleTrue,female3,femaleFalse
255,1,3,Mrs,female,3,0,2,2,None,C,2,False,33,False,3female,23,Mrsfemale,True,femaleTrue,3femaleTrue,female3,femaleFalse
256,1,1,Mrs,female,5,0,0,3,None,C,0,True,51,False,5female,01,Mrsfemale,True,femaleTrue,5femaleTrue,female1,femaleFalse
257,1,1,Miss,female,3,0,0,3,B,S,0,True,31,True,3female,01,Missfemale,False,femaleFalse,3femaleFalse,female1,femaleTrue
258,1,1,Miss,female,4,0,0,3,None,C,0,True,41,False,4female,01,Missfemale,False,femaleFalse,4femaleFalse,female1,femaleFalse
259,1,2,Mrs,female,4,0,1,2,None,S,1,False,42,False,4female,12,Mrsfemale,True,femaleTrue,4femaleTrue,female2,femaleFalse
260,0,3,Mr,male,2,0,0,0,None,Q,0,True,23,False,2male,03,Mrmale,False,maleFalse,2maleFalse,male3,maleFalse
261,1,3,Master,male,1,4,2,3,None,S,6,False,13,False,1male,63,Mastermale,False,maleFalse,1maleFalse,male3,maleFalse
262,0,1,Mr,male,5,1,1,3,E,S,2,False,51,True,5male,21,Mrmale,True,maleTrue,5maleTrue,male1,maleTrue
263,0,1,Mr,male,4,0,0,0,B,S,0,True,41,True,4male,01,Mrmale,False,maleFalse,4maleFalse,male1,maleTrue
264,0,3,Miss,female,2,0,0,0,None,Q,0,True,23,False,2female,03,Missfemale,False,femaleFalse,2femaleFalse,female3,femaleFalse
265,0,2,Mr,male,4,0,0,1,None,S,0,True,42,False,4male,02,Mrmale,False,maleFalse,4maleFalse,male2,maleFalse
266,0,3,Mr,male,2,4,1,3,None,S,5,False,23,False,2male,53,Mrmale,False,maleFalse,2maleFalse,male3,maleFalse
267,1,3,Mr,male,3,1,0,0,None,S,1,False,33,False,3male,13,Mrmale,True,maleTrue,3maleTrue,male3,maleFalse
268,1,1,Mrs,female,5,0,1,3,C,S,1,False,51,True,5female,11,Mrsfemale,True,femaleTrue,5femaleTrue,female1,femaleTrue
269,1,1,Miss,female,4,0,0,3,C,S,0,True,41,True,4female,01,Missfemale,False,femaleFalse,4femaleFalse,female1,femaleTrue
270,0,1,Mr,male,2,0,0,2,None,S,0,True,21,False,2male,01,Mrmale,False,maleFalse,2maleFalse,male1,maleFalse
271,1,3,Mr,male,3,0,0,0,None,S,0,True,33,False,3male,03,Mrmale,False,maleFalse,3maleFalse,male3,maleFalse
272,1,2,Mrs,female,4,0,1,2,None,S,1,False,42,False,4female,12,Mrsfemale,True,femaleTrue,4femaleTrue,female2,femaleFalse
273,0,1,Mr,male,4,0,1,2,C,C,1,False,41,True,4male,11,Mrmale,False,maleFalse,4maleFalse,male1,maleTrue
274,1,3,Miss,female,2,0,0,0,None,Q,0,True,23,False,2female,03,Missfemale,False,femaleFalse,2femaleFalse,female3,femaleFalse
275,1,1,Miss,female,5,1,0,3,D,S,1,False,51,True,5female,11,Missfemale,False,femaleFalse,5femaleFalse,female1,femaleTrue
276,0,3,Miss,female,4,0,0,0,None,S,0,True,43,False,4female,03,Missfemale,False,femaleFalse,4femaleFalse,female3,femaleFalse
277,0,2,Mr,male,2,0,0,0,None,S,0,True,22,False,2male,02,Mrmale,False,maleFalse,2maleFalse,male2,maleFalse
278,0,3,Master,male,1,4,1,2,None,Q,5,False,13,False,1male,53,Mastermale,False,maleFalse,1maleFalse,male3,maleFalse
279,1,3,Mrs,female,4,1,1,2,None,S,2,False,43,False,4female,23,Mrsfemale,True,femaleTrue,4femaleTrue,female3,femaleFalse
280,0,3,Mr,male,5,0,0,0,None,Q,0,True,53,False,5male,03,Mrmale,False,maleFalse,5maleFalse,male3,maleFalse
281,0,3,Mr,male,3,0,0,0,None,S,0,True,33,False,3male,03,Mrmale,False,maleFalse,3maleFalse,male3,maleFalse
282,0,3,Mr,male,2,0,0,1,None,S,0,True,23,False,2male,03,Mrmale,False,maleFalse,2maleFalse,male3,maleFalse
283,1,3,Mr,male,2,0,0,1,None,S,0,True,23,False,2male,03,Mrmale,False,maleFalse,2maleFalse,male3,maleFalse
284,0,1,Mr,male,2,0,0,2,A,S,0,True,21,True,2male,01,Mrmale,False,maleFalse,2maleFalse,male1,maleTrue
285,0,3,Mr,male,4,0,0,1,None,C,0,True,43,False,4male,03,Mrmale,False,maleFalse,4maleFalse,male3,maleFalse
286,1,3,Mr,male,3,0,0,1,None,S,0,True,33,False,3male,03,Mrmale,False,maleFalse,3maleFalse,male3,maleFalse
287,0,3,Mr,male,3,0,0,0,None,S,0,True,33,False,3male,03,Mrmale,False,maleFalse,3maleFalse,male3,maleFalse
288,1,2,Mr,male,4,0,0,1,None,S,0,True,42,False,4male,02,Mrmale,False,maleFalse,4maleFalse,male2,maleFalse
289,1,3,Miss,female,3,0,0,0,None,Q,0,True,33,False,3female,03,Missfemale,False,femaleFalse,3femaleFalse,female3,femaleFalse
290,1,1,Miss,female,3,0,0,3,None,S,0,True,31,False,3female,01,Missfemale,False,femaleFalse,3femaleFalse,female1,femaleFalse
291,1,1,Mrs,female,2,1,0,3,B,C,1,False,21,True,2female,11,Mrsfemale,True,femaleTrue,2femaleTrue,female1,femaleTrue
292,0,2,Mr,male,4,0,0,1,D,C,0,True,42,True,4male,02,Mrmale,False,maleFalse,4maleFalse,male2,maleTrue
293,0,3,Miss,female,3,0,0,1,None,S,0,True,33,False,3female,03,Missfemale,False,femaleFalse,3femaleFalse,female3,femaleFalse
294,0,3,Mr,male,3,0,0,0,None,S,0,True,33,False,3male,03,Mrmale,False,maleFalse,3maleFalse,male3,maleFalse
295,0,1,Mr,male,2,0,0,2,None,C,0,True,21,False,2male,01,Mrmale,False,maleFalse,2maleFalse,male1,maleFalse
296,0,3,Mr,male,3,0,0,0,None,C,0,True,33,False,3male,03,Mrmale,False,maleFalse,3maleFalse,male3,maleFalse
297,0,1,Miss,female,0,1,2,3,C,S,3,False,01,True,0female,31,Missfemale,False,femaleFalse,0femaleFalse,female1,femaleTrue
298,1,1,Mr,male,2,0,0,2,C,S,0,True,21,True,2male,01,Mrmale,False,maleFalse,2maleFalse,male1,maleTrue
299,1,1,Mrs,female,4,0,1,3,B,C,1,False,41,True,4female,11,Mrsfemale,True,femaleTrue,4femaleTrue,female1,femaleTrue
300,1,3,Miss,female,2,0,0,0,None,Q,0,True,23,False,2female,03,Missfemale,False,femaleFalse,2femaleFalse,female3,femaleFalse
301,1,3,Mr,male,2,2,0,2,None,Q,2,False,23,False,2male,23,Mrmale,False,maleFalse,2maleFalse,male3,maleFalse
302,0,3,Mr,male,2,0,0,0,None,S,0,True,23,False,2male,03,Mrmale,False,maleFalse,2maleFalse,male3,maleFalse
303,1,2,Miss,female,2,0,0,1,E,Q,0,True,22,True,2female,02,Missfemale,False,femaleFalse,2femaleFalse,female2,femaleTrue
304,0,3,Mr,male,2,0,0,1,None,S,0,True,23,False,2male,03,Mrmale,False,maleFalse,2maleFalse,male3,maleFalse
305,1,1,Master,male,0,1,2,3,C,S,3,False,01,True,0male,31,Mastermale,False,maleFalse,0maleFalse,male1,maleTrue
306,1,1,Miss,female,2,0,0,3,None,C,0,True,21,False,2female,01,Missfemale,False,femaleFalse,2femaleFalse,female1,femaleFalse
307,1,1,Mrs,female,2,1,0,3,C,C,1,False,21,True,2female,11,Mrsfemale,True,femaleTrue,2femaleTrue,female1,femaleTrue
308,0,2,Mr,male,3,1,0,2,None,C,1,False,32,False,3male,12,Mrmale,True,maleTrue,3maleTrue,male2,maleFalse
309,1,1,Miss,female,3,0,0,3,E,C,0,True,31,True,3female,01,Missfemale,False,femaleFalse,3femaleFalse,female1,femaleTrue
310,1,1,Miss,female,3,0,0,3,C,C,0,True,31,True,3female,01,Missfemale,False,femaleFalse,3femaleFalse,female1,femaleTrue
311,1,1,Miss,female,2,2,2,3,B,C,4,False,21,True,2female,41,Missfemale,False,femaleFalse,2femaleFalse,female1,femaleTrue
312,0,2,Mrs,female,3,1,1,2,None,S,2,False,32,False,3female,22,Mrsfemale,True,femaleTrue,3femaleTrue,female2,femaleFalse
313,0,3,Mr,male,3,0,0,0,None,S,0,True,33,False,3male,03,Mrmale,False,maleFalse,3maleFalse,male3,maleFalse
314,0,2,Mr,male,4,1,1,2,None,S,2,False,42,False,4male,22,Mrmale,True,maleTrue,4maleTrue,male2,maleFalse
315,1,3,Miss,female,3,0,0,0,None,S,0,True,33,False,3female,03,Missfemale,False,femaleFalse,3femaleFalse,female3,femaleFalse
316,1,2,Mrs,female,3,1,0,2,None,S,1,False,32,False,3female,12,Mrsfemale,True,femaleTrue,3femaleTrue,female2,femaleFalse
317,0,2,Uncommon,male,5,0,0,1,None,S,0,True,52,False,5male,02,Uncommonmale,False,maleFalse,5maleFalse,male2,maleFalse
318,1,1,Miss,female,4,0,2,3,C,S,2,False,41,True,4female,21,Missfemale,False,femaleFalse,4femaleFalse,female1,femaleTrue
319,1,1,Mrs,female,4,1,1,3,E,C,2,False,41,True,4female,21,Mrsfemale,True,femaleTrue,4femaleTrue,female1,femaleTrue
320,0,3,Mr,male,3,0,0,0,None,S,0,True,33,False,3male,03,Mrmale,False,maleFalse,3maleFalse,male3,maleFalse
321,0,3,Mr,male,3,0,0,0,None,S,0,True,33,False,3male,03,Mrmale,False,maleFalse,3maleFalse,male3,maleFalse
322,1,2,Miss,female,3,0,0,1,None,Q,0,True,32,False,3female,02,Missfemale,False,femaleFalse,3femaleFalse,female2,femaleFalse
323,1,2,Mrs,female,3,1,1,2,None,S,2,False,32,False,3female,22,Mrsfemale,True,femaleTrue,3femaleTrue,female2,femaleFalse
324,0,3,Mr,male,2,8,2,3,None,S,10,False,23,False,2male,103,Mrmale,False,maleFalse,2maleFalse,male3,maleFalse
325,1,1,Miss,female,4,0,0,3,C,C,0,True,41,True,4female,01,Missfemale,False,femaleFalse,4femaleFalse,female1,femaleTrue
326,0,3,Mr,male,5,0,0,0,None,S,0,True,53,False,5male,03,Mrmale,False,maleFalse,5maleFalse,male3,maleFalse
327,1,2,Mrs,female,4,0,0,1,D,S,0,True,42,True,4female,02,Mrsfemale,True,femaleTrue,4femaleTrue,female2,femaleTrue
328,1,3,Mrs,female,4,1,1,2,None,S,2,False,43,False,4female,23,Mrsfemale,True,femaleTrue,4femaleTrue,female3,femaleFalse
329,1,1,Miss,female,2,0,1,3,B,C,1,False,21,True,2female,11,Missfemale,False,femaleFalse,2femaleFalse,female1,femaleTrue
330,1,3,Miss,female,1,2,0,2,None,Q,2,False,13,False,1female,23,Missfemale,False,femaleFalse,1femaleFalse,female3,femaleFalse
331,0,1,Mr,male,4,0,0,2,C,S,0,True,41,True,4male,01,Mrmale,False,maleFalse,4maleFalse,male1,maleTrue
332,0,1,Mr,male,4,0,1,3,C,S,1,False,41,True,4male,11,Mrmale,False,maleFalse,4maleFalse,male1,maleTrue
333,0,3,Mr,male,2,2,0,2,None,S,2,False,23,False,2male,23,Mrmale,False,maleFalse,2maleFalse,male3,maleFalse
334,1,1,Mrs,female,2,1,0,3,None,S,1,False,21,False,2female,11,Mrsfemale,True,femaleTrue,2femaleTrue,female1,femaleFalse
335,0,3,Mr,male,2,0,0,0,None,S,0,True,23,False,2male,03,Mrmale,False,maleFalse,2maleFalse,male3,maleFalse
336,0,1,Mr,male,3,1,0,3,C,S,1,False,31,True,3male,11,Mrmale,True,maleTrue,3maleTrue,male1,maleTrue
337,1,1,Miss,female,4,0,0,3,E,C,0,True,41,True,4female,01,Missfemale,False,femaleFalse,4femaleFalse,female1,femaleTrue
338,1,3,Mr,male,4,0,0,1,None,S,0,True,43,False,4male,03,Mrmale,False,maleFalse,4maleFalse,male3,maleFalse
339,0,1,Mr,male,4,0,0,3,T,S,0,True,41,True,4male,01,Mrmale,False,maleFalse,4maleFalse,male1,maleTrue
340,1,2,Master,male,0,1,1,2,F,S,2,False,02,True,0male,22,Mastermale,False,maleFalse,0maleFalse,male2,maleTrue
341,1,1,Miss,female,3,3,2,3,C,S,5,False,31,True,3female,51,Missfemale,False,femaleFalse,3femaleFalse,female1,femaleTrue
342,0,2,Mr,male,3,0,0,1,None,S,0,True,32,False,3male,02,Mrmale,False,maleFalse,3maleFalse,male2,maleFalse
343,0,2,Mr,male,3,0,0,1,None,S,0,True,32,False,3male,02,Mrmale,False,maleFalse,3maleFalse,male2,maleFalse
344,0,2,Mr,male,4,0,0,1,None,S,0,True,42,False,4male,02,Mrmale,False,maleFalse,4maleFalse,male2,maleFalse
345,1,2,Miss,female,3,0,0,1,F,S,0,True,32,True,3female,02,Missfemale,False,femaleFalse,3femaleFalse,female2,femaleTrue
346,1,2,Miss,female,4,0,0,1,None,S,0,True,42,False,4female,02,Missfemale,False,femaleFalse,4femaleFalse,female2,femaleFalse
347,1,3,Mrs,female,2,1,0,2,None,S,1,False,23,False,2female,13,Mrsfemale,True,femaleTrue,2femaleTrue,female3,femaleFalse
348,1,3,Master,male,1,1,1,2,None,S,2,False,13,False,1male,23,Mastermale,False,maleFalse,1maleFalse,male3,maleFalse
349,0,3,Mr,male,4,0,0,1,None,S,0,True,43,False,4male,03,Mrmale,False,maleFalse,4maleFalse,male3,maleFalse
350,0,3,Mr,male,3,0,0,1,None,S,0,True,33,False,3male,03,Mrmale,False,maleFalse,3maleFalse,male3,maleFalse
351,0,1,Mr,male,2,0,0,3,C,S,0,True,21,True,2male,01,Mrmale,False,maleFalse,2maleFalse,male1,maleTrue
352,0,3,Mr,male,2,1,1,0,None,C,2,False,23,False,2male,23,Mrmale,False,maleFalse,2maleFalse,male3,maleFalse
353,0,3,Mr,male,3,1,0,2,None,S,1,False,33,False,3male,13,Mrmale,True,maleTrue,3maleTrue,male3,maleFalse
354,0,3,Mr,male,2,0,0,0,None,C,0,True,23,False,2male,03,Mrmale,False,maleFalse,2maleFalse,male3,maleFalse
355,0,3,Mr,male,3,0,0,1,None,S,0,True,33,False,3male,03,Mrmale,False,maleFalse,3maleFalse,male3,maleFalse
356,1,1,Miss,female,3,0,1,3,E,S,1,False,31,True,3female,11,Missfemale,False,femaleFalse,3femaleFalse,female1,femaleTrue
357,0,2,Miss,female,4,0,0,1,None,S,0,True,42,False,4female,02,Missfemale,False,femaleFalse,4femaleFalse,female2,femaleFalse
358,1,3,Miss,female,2,0,0,0,None,Q,0,True,23,False,2female,03,Missfemale,False,femaleFalse,2femaleFalse,female3,femaleFalse
359,1,3,Miss,female,2,0,0,0,None,Q,0,True,23,False,2female,03,Missfemale,False,femaleFalse,2femaleFalse,female3,femaleFalse
360,0,3,Mr,male,4,1,4,2,None,S,5,False,43,False,4male,53,Mrmale,True,maleTrue,4maleTrue,male3,maleFalse
361,0,2,Mr,male,3,1,0,2,None,C,1,False,32,False,3male,12,Mrmale,True,maleTrue,3maleTrue,male2,maleFalse
362,0,3,Mrs,female,4,0,1,1,None,C,1,False,43,False,4female,13,Mrsfemale,True,femaleTrue,4femaleTrue,female3,femaleFalse
363,0,3,Mr,male,4,0,0,0,None,S,0,True,43,False,4male,03,Mrmale,False,maleFalse,4maleFalse,male3,maleFalse
364,0,3,Mr,male,2,1,0,2,None,Q,1,False,23,False,2male,13,Mrmale,False,maleFalse,2maleFalse,male3,maleFalse
365,0,3,Mr,male,3,0,0,0,None,S,0,True,33,False,3male,03,Mrmale,False,maleFalse,3maleFalse,male3,maleFalse
366,1,1,Mrs,female,5,1,0,3,D,C,1,False,51,True,5female,11,Mrsfemale,True,femaleTrue,5femaleTrue,female1,femaleTrue
367,1,3,Mrs,female,5,0,0,0,None,C,0,True,53,False,5female,03,Mrsfemale,True,femaleTrue,5femaleTrue,female3,femaleFalse
368,1,3,Miss,female,2,0,0,0,None,Q,0,True,23,False,2female,03,Missfemale,False,femaleFalse,2femaleFalse,female3,femaleFalse
369,1,1,Uncommon,female,3,0,0,3,B,C,0,True,31,True,3female,01,Uncommonfemale,False,femaleFalse,3femaleFalse,female1,femaleTrue
370,1,1,Mr,male,3,1,0,3,E,C,1,False,31,True,3male,11,Mrmale,True,maleTrue,3maleTrue,male1,maleTrue
371,0,3,Mr,male,2,1,0,0,None,S,1,False,23,False,2male,13,Mrmale,False,maleFalse,2maleFalse,male3,maleFalse
372,0,3,Mr,male,2,0,0,1,None,S,0,True,23,False,2male,03,Mrmale,False,maleFalse,2maleFalse,male3,maleFalse
373,0,1,Mr,male,3,0,0,3,None,C,0,True,31,False,3male,01,Mrmale,False,maleFalse,3maleFalse,male1,maleFalse
374,0,3,Miss,female,1,3,1,2,None,S,4,False,13,False,1female,43,Missfemale,False,femaleFalse,1femaleFalse,female3,femaleFalse
375,1,1,Mrs,female,2,1,0,3,None,C,1,False,21,False,2female,11,Mrsfemale,True,femaleTrue,2femaleTrue,female1,femaleFalse
376,1,3,Miss,female,3,0,0,0,None,S,0,True,33,False,3female,03,Missfemale,False,femaleFalse,3femaleFalse,female3,femaleFalse
377,0,1,Mr,male,3,0,2,3,C,C,2,False,31,True,3male,21,Mrmale,False,maleFalse,3maleFalse,male1,maleTrue
378,0,3,Mr,male,3,0,0,0,None,C,0,True,33,False,3male,03,Mrmale,False,maleFalse,3maleFalse,male3,maleFalse
379,0,3,Mr,male,2,0,0,0,None,S,0,True,23,False,2male,03,Mrmale,False,maleFalse,2maleFalse,male3,maleFalse
380,1,1,Miss,female,4,0,0,3,None,C,0,True,41,False,4female,01,Missfemale,False,femaleFalse,4femaleFalse,female1,femaleFalse
381,1,3,Miss,female,0,0,2,2,None,C,2,False,03,False,0female,23,Missfemale,False,femaleFalse,0femaleFalse,female3,femaleFalse
382,0,3,Mr,male,4,0,0,1,None,S,0,True,43,False,4male,03,Mrmale,False,maleFalse,4maleFalse,male3,maleFalse
383,1,1,Mrs,female,4,1,0,3,None,S,1,False,41,False,4female,11,Mrsfemale,True,femaleTrue,4femaleTrue,female1,femaleFalse
384,0,3,Mr,male,2,0,0,0,None,S,0,True,23,False,2male,03,Mrmale,False,maleFalse,2maleFalse,male3,maleFalse
385,0,2,Mr,male,2,0,0,3,None,S,0,True,22,False,2male,02,Mrmale,False,maleFalse,2maleFalse,male2,maleFalse
386,0,3,Master,male,0,5,2,3,None,S,7,False,03,False,0male,73,Mastermale,False,maleFalse,0maleFalse,male3,maleFalse
387,1,2,Miss,female,4,0,0,1,None,S,0,True,42,False,4female,02,Missfemale,False,femaleFalse,4femaleFalse,female2,femaleFalse
388,0,3,Mr,male,2,0,0,0,None,Q,0,True,23,False,2male,03,Mrmale,False,maleFalse,2maleFalse,male3,maleFalse
389,1,2,Miss,female,2,0,0,1,None,C,0,True,22,False,2female,02,Missfemale,False,femaleFalse,2femaleFalse,female2,femaleFalse
390,1,1,Mr,male,4,1,2,3,B,S,3,False,41,True,4male,31,Mrmale,True,maleTrue,4maleTrue,male1,maleTrue
391,1,3,Mr,male,3,0,0,0,None,S,0,True,33,False,3male,03,Mrmale,False,maleFalse,3maleFalse,male3,maleFalse
392,0,3,Mr,male,3,2,0,1,None,S,2,False,33,False,3male,23,Mrmale,False,maleFalse,3maleFalse,male3,maleFalse
393,1,1,Miss,female,3,1,0,3,D,C,1,False,31,True,3female,11,Missfemale,False,femaleFalse,3femaleFalse,female1,femaleTrue
394,1,3,Mrs,female,3,0,2,2,G,S,2,False,33,True,3female,23,Mrsfemale,True,femaleTrue,3femaleTrue,female3,femaleTrue
395,0,3,Mr,male,3,0,0,0,None,S,0,True,33,False,3male,03,Mrmale,False,maleFalse,3maleFalse,male3,maleFalse
396,0,3,Miss,female,4,0,0,0,None,S,0,True,43,False,4female,03,Missfemale,False,femaleFalse,4femaleFalse,female3,femaleFalse
397,0,2,Mr,male,4,0,0,2,None,S,0,True,42,False,4male,02,Mrmale,False,maleFalse,4maleFalse,male2,maleFalse
398,0,2,Uncommon,male,3,0,0,1,None,S,0,True,32,False,3male,02,Uncommonmale,False,maleFalse,3maleFalse,male2,maleFalse
399,1,2,Mrs,female,3,0,0,1,None,S,0,True,32,False,3female,02,Mrsfemale,True,femaleTrue,3femaleTrue,female2,femaleFalse
400,1,3,Mr,male,4,0,0,1,None,S,0,True,43,False,4male,03,Mrmale,False,maleFalse,4maleFalse,male3,maleFalse
401,0,3,Mr,male,3,0,0,1,None,S,0,True,33,False,3male,03,Mrmale,False,maleFalse,3maleFalse,male3,maleFalse
402,0,3,Miss,female,3,1,0,1,None,S,1,False,33,False,3female,13,Missfemale,False,femaleFalse,3femaleFalse,female3,femaleFalse
403,0,3,Mr,male,3,1,0,2,None,S,1,False,33,False,3male,13,Mrmale,True,maleTrue,3maleTrue,male3,maleFalse
404,0,3,Miss,female,3,0,0,1,None,S,0,True,33,False,3female,03,Missfemale,False,femaleFalse,3femaleFalse,female3,femaleFalse
405,0,2,Mr,male,4,1,0,2,None,S,1,False,42,False,4male,12,Mrmale,True,maleTrue,4maleTrue,male2,maleFalse
406,0,3,Mr,male,5,0,0,0,None,S,0,True,53,False,5male,03,Mrmale,False,maleFalse,5maleFalse,male3,maleFalse
407,1,2,Master,male,1,1,1,2,None,S,2,False,12,False,1male,22,Mastermale,False,maleFalse,1maleFalse,male2,maleFalse
408,0,3,Mr,male,3,0,0,0,None,S,0,True,33,False,3male,03,Mrmale,False,maleFalse,3maleFalse,male3,maleFalse
409,0,3,Miss,female,1,3,1,2,None,S,4,False,13,False,1female,43,Missfemale,False,femaleFalse,1femaleFalse,female3,femaleFalse
410,0,3,Mr,male,2,0,0,0,None,S,0,True,23,False,2male,03,Mrmale,False,maleFalse,2maleFalse,male3,maleFalse
411,0,3,Mr,male,2,0,0,0,None,Q,0,True,23,False,2male,03,Mrmale,False,maleFalse,2maleFalse,male3,maleFalse
412,1,1,Miss,female,4,1,0,3,C,Q,1,False,41,True,4female,11,Missfemale,False,femaleFalse,4femaleFalse,female1,femaleTrue
413,0,2,Mr,male,2,0,0,0,None,S,0,True,22,False,2male,02,Mrmale,False,maleFalse,2maleFalse,male2,maleFalse
414,1,3,Mr,male,4,0,0,1,None,S,0,True,43,False,4male,03,Mrmale,False,maleFalse,4maleFalse,male3,maleFalse
415,0,3,Mrs,female,5,0,0,1,None,S,0,True,53,False,5female,03,Mrsfemale,True,femaleTrue,5femaleTrue,female3,femaleFalse
416,1,2,Mrs,female,4,1,1,3,None,S,2,False,42,False,4female,22,Mrsfemale,True,femaleTrue,4femaleTrue,female2,femaleFalse
417,1,2,Miss,female,2,0,2,1,None,S,2,False,22,False,2female,22,Missfemale,False,femaleFalse,2femaleFalse,female2,femaleFalse
418,0,2,Mr,male,3,0,0,1,None,S,0,True,32,False,3male,02,Mrmale,False,maleFalse,3maleFalse,male2,maleFalse
419,0,3,Miss,female,1,0,2,2,None,S,2,False,13,False,1female,23,Missfemale,False,femaleFalse,1femaleFalse,female3,femaleFalse
420,0,3,Mr,male,2,0,0,0,None,C,0,True,23,False,2male,03,Mrmale,False,maleFalse,2maleFalse,male3,maleFalse
421,0,3,Mr,male,3,0,0,0,None,Q,0,True,33,False,3male,03,Mrmale,False,maleFalse,3maleFalse,male3,maleFalse
422,0,3,Mr,male,3,0,0,0,None,S,0,True,33,False,3male,03,Mrmale,False,maleFalse,3maleFalse,male3,maleFalse
423,0,3,Mrs,female,3,1,1,1,None,S,2,False,33,False,3female,23,Mrsfemale,True,femaleTrue,3femaleTrue,female3,femaleFalse
424,0,3,Mr,male,2,1,1,2,None,S,2,False,23,False,2male,23,Mrmale,False,maleFalse,2maleFalse,male3,maleFalse
425,0,3,Mr,male,2,0,0,0,None,S,0,True,23,False,2male,03,Mrmale,False,maleFalse,2maleFalse,male3,maleFalse
426,1,2,Mrs,female,3,1,0,2,None,S,1,False,32,False,3female,12,Mrsfemale,True,femaleTrue,3femaleTrue,female2,femaleFalse
427,1,2,Miss,female,2,0,0,2,None,S,0,True,22,False,2female,02,Missfemale,False,femaleFalse,2femaleFalse,female2,femaleFalse
428,0,3,Mr,male,2,0,0,0,None,Q,0,True,23,False,2male,03,Mrmale,False,maleFalse,2maleFalse,male3,maleFalse
429,1,3,Mr,male,4,0,0,1,E,S,0,True,43,True,4male,03,Mrmale,False,maleFalse,4maleFalse,male3,maleTrue
430,1,1,Mr,male,3,0,0,2,C,S,0,True,31,True,3male,01,Mrmale,False,maleFalse,3maleFalse,male1,maleTrue
431,1,3,Mrs,female,2,1,0,2,None,S,1,False,23,False,2female,13,Mrsfemale,True,femaleTrue,2femaleTrue,female3,femaleFalse
432,1,2,Mrs,female,4,1,0,2,None,S,1,False,42,False,4female,12,Mrsfemale,True,femaleTrue,4femaleTrue,female2,femaleFalse
433,0,3,Mr,male,2,0,0,0,None,S,0,True,23,False,2male,03,Mrmale,False,maleFalse,2maleFalse,male3,maleFalse
434,0,1,Mr,male,4,1,0,3,E,S,1,False,41,True,4male,11,Mrmale,True,maleTrue,4maleTrue,male1,maleTrue
435,1,1,Miss,female,2,1,2,3,B,S,3,False,21,True,2female,31,Missfemale,False,femaleFalse,2femaleFalse,female1,femaleTrue
436,0,3,Miss,female,3,2,2,3,None,S,4,False,33,False,3female,43,Missfemale,False,femaleFalse,3femaleFalse,female3,femaleFalse
437,1,2,Mrs,female,3,2,3,2,None,S,5,False,32,False,3female,52,Mrsfemale,True,femaleTrue,3femaleTrue,female2,femaleFalse
438,0,1,Mr,male,5,1,4,3,C,S,5,False,51,True,5male,51,Mrmale,True,maleTrue,5maleTrue,male1,maleTrue
439,0,2,Mr,male,4,0,0,1,None,S,0,True,42,False,4male,02,Mrmale,False,maleFalse,4maleFalse,male2,maleFalse
440,1,2,Mrs,female,4,1,1,2,None,S,2,False,42,False,4female,22,Mrsfemale,True,femaleTrue,4femaleTrue,female2,femaleFalse
441,0,3,Mr,male,3,0,0,1,None,S,0,True,33,False,3male,03,Mrmale,False,maleFalse,3maleFalse,male3,maleFalse
442,0,3,Mr,male,3,1,0,0,None,S,1,False,33,False,3male,13,Mrmale,True,maleTrue,3maleTrue,male3,maleFalse
443,1,2,Uncommon,female,3,0,0,1,None,S,0,True,32,False,3female,02,Uncommonfemale,False,femaleFalse,3femaleFalse,female2,femaleFalse
444,1,3,Mr,male,2,0,0,1,None,S,0,True,23,False,2male,03,Mrmale,False,maleFalse,2maleFalse,male3,maleFalse
445,1,1,Master,male,1,0,2,3,A,S,2,False,11,True,1male,21,Mastermale,False,maleFalse,1maleFalse,male1,maleTrue
446,1,2,Miss,female,2,0,1,2,None,S,1,False,22,False,2female,12,Missfemale,False,femaleFalse,2femaleFalse,female2,femaleFalse
447,1,1,Mr,male,4,0,0,2,None,S,0,True,41,False,4male,01,Mrmale,False,maleFalse,4maleFalse,male1,maleFalse
448,1,3,Miss,female,1,2,1,2,None,C,3,False,13,False,1female,33,Missfemale,False,femaleFalse,1femaleFalse,female3,femaleFalse
449,1,1,Uncommon,male,5,0,0,2,C,S,0,True,51,True,5male,01,Uncommonmale,False,maleFalse,5maleFalse,male1,maleTrue
450,0,2,Mr,male,4,1,2,2,None,S,3,False,42,False,4male,32,Mrmale,True,maleTrue,4maleTrue,male2,maleFalse
451,0,3,Mr,male,2,1,0,2,None,S,1,False,23,False,2male,13,Mrmale,False,maleFalse,2maleFalse,male3,maleFalse
452,0,1,Mr,male,3,0,0,2,C,C,0,True,31,True,3male,01,Mrmale,False,maleFalse,3maleFalse,male1,maleTrue
453,1,1,Mr,male,4,1,0,3,C,C,1,False,41,True,4male,11,Mrmale,True,maleTrue,4maleTrue,male1,maleTrue
454,0,3,Mr,male,2,0,0,1,None,S,0,True,23,False,2male,03,Mrmale,False,maleFalse,2maleFalse,male3,maleFalse
455,1,3,Mr,male,3,0,0,0,None,C,0,True,33,False,3male,03,Mrmale,False,maleFalse,3maleFalse,male3,maleFalse
456,0,1,Mr,male,5,0,0,2,E,S,0,True,51,True,5male,01,Mrmale,False,maleFalse,5maleFalse,male1,maleTrue
457,1,1,Mrs,female,2,1,0,3,D,S,1,False,21,True,2female,11,Mrsfemale,True,femaleTrue,2femaleTrue,female1,femaleTrue
458,1,2,Miss,female,4,0,0,1,None,S,0,True,42,False,4female,02,Missfemale,False,femaleFalse,4femaleFalse,female2,femaleFalse
459,0,3,Mr,male,2,0,0,0,None,Q,0,True,23,False,2male,03,Mrmale,False,maleFalse,2maleFalse,male3,maleFalse
460,1,1,Mr,male,4,0,0,2,E,S,0,True,41,True,4male,01,Mrmale,False,maleFalse,4maleFalse,male1,maleTrue
461,0,3,Mr,male,4,0,0,1,None,S,0,True,43,False,4male,03,Mrmale,False,maleFalse,4maleFalse,male3,maleFalse
462,0,1,Mr,male,4,0,0,3,E,S,0,True,41,True,4male,01,Mrmale,False,maleFalse,4maleFalse,male1,maleTrue
463,0,2,Mr,male,4,0,0,1,None,S,0,True,42,False,4male,02,Mrmale,False,maleFalse,4maleFalse,male2,maleFalse
464,0,3,Mr,male,2,0,0,1,None,S,0,True,23,False,2male,03,Mrmale,False,maleFalse,2maleFalse,male3,maleFalse
465,0,3,Mr,male,4,0,0,0,None,S,0,True,43,False,4male,03,Mrmale,False,maleFalse,4maleFalse,male3,maleFalse
466,0,2,Mr,male,2,0,0,0,None,S,0,True,22,False,2male,02,Mrmale,False,maleFalse,2maleFalse,male2,maleFalse
467,0,1,Mr,male,5,0,0,2,None,S,0,True,51,False,5male,01,Mrmale,False,maleFalse,5maleFalse,male1,maleFalse
468,0,3,Mr,male,2,0,0,0,None,Q,0,True,23,False,2male,03,Mrmale,False,maleFalse,2maleFalse,male3,maleFalse
469,1,3,Miss,female,0,2,1,2,None,C,3,False,03,False,0female,33,Missfemale,False,femaleFalse,0femaleFalse,female3,femaleFalse
470,0,3,Mr,male,2,0,0,0,None,S,0,True,23,False,2male,03,Mrmale,False,maleFalse,2maleFalse,male3,maleFalse
471,0,3,Mr,male,4,0,0,1,None,S,0,True,43,False,4male,03,Mrmale,False,maleFalse,4maleFalse,male3,maleFalse
472,1,2,Mrs,female,4,1,2,2,None,S,3,False,42,False,4female,32,Mrsfemale,True,femaleTrue,4femaleTrue,female2,femaleFalse
473,1,2,Mrs,female,3,0,0,1,D,C,0,True,32,True,3female,02,Mrsfemale,True,femaleTrue,3femaleTrue,female2,femaleTrue
474,0,3,Miss,female,3,0,0,1,None,S,0,True,33,False,3female,03,Missfemale,False,femaleFalse,3femaleFalse,female3,femaleFalse
475,0,1,Mr,male,2,0,0,3,A,S,0,True,21,True,2male,01,Mrmale,False,maleFalse,2maleFalse,male1,maleTrue
476,0,2,Mr,male,4,1,0,2,None,S,1,False,42,False,4male,12,Mrmale,True,maleTrue,4maleTrue,male2,maleFalse
477,0,3,Mr,male,3,1,0,0,None,S,1,False,33,False,3male,13,Mrmale,True,maleTrue,3maleTrue,male3,maleFalse
478,0,3,Mr,male,3,0,0,0,None,S,0,True,33,False,3male,03,Mrmale,False,maleFalse,3maleFalse,male3,maleFalse
479,1,3,Miss,female,0,0,1,1,None,S,1,False,03,False,0female,13,Missfemale,False,femaleFalse,0femaleFalse,female3,femaleFalse
480,0,3,Master,male,1,5,2,3,None,S,7,False,13,False,1male,73,Mastermale,False,maleFalse,1maleFalse,male3,maleFalse
481,0,2,Mr,male,2,0,0,0,None,S,0,True,22,False,2male,02,Mrmale,False,maleFalse,2maleFalse,male2,maleFalse
482,0,3,Mr,male,4,0,0,1,None,S,0,True,43,False,4male,03,Mrmale,False,maleFalse,4maleFalse,male3,maleFalse
483,1,3,Mrs,female,5,0,0,1,None,S,0,True,53,False,5female,03,Mrsfemale,True,femaleTrue,5femaleTrue,female3,femaleFalse
484,1,1,Mr,male,3,1,0,3,B,C,1,False,31,True,3male,11,Mrmale,True,maleTrue,3maleTrue,male1,maleTrue
485,0,3,Miss,female,1,3,1,2,None,S,4,False,13,False,1female,43,Missfemale,False,femaleFalse,1femaleFalse,female3,femaleFalse
486,1,1,Mrs,female,4,1,0,3,C,S,1,False,41,True,4female,11,Mrsfemale,True,femaleTrue,4femaleTrue,female1,femaleTrue
487,0,1,Mr,male,5,0,0,2,B,C,0,True,51,True,5male,01,Mrmale,False,maleFalse,5maleFalse,male1,maleTrue
488,0,3,Mr,male,3,0,0,1,None,S,0,True,33,False,3male,03,Mrmale,False,maleFalse,3maleFalse,male3,maleFalse
489,1,3,Master,male,1,1,1,2,None,S,2,False,13,False,1male,23,Mastermale,False,maleFalse,1maleFalse,male3,maleFalse
490,0,3,Mr,male,2,1,0,2,None,S,1,False,23,False,2male,13,Mrmale,False,maleFalse,2maleFalse,male3,maleFalse
491,0,3,Mr,male,3,0,0,0,None,S,0,True,33,False,3male,03,Mrmale,False,maleFalse,3maleFalse,male3,maleFalse
492,0,1,Mr,male,5,0,0,2,C,S,0,True,51,True,5male,01,Mrmale,False,maleFalse,5maleFalse,male1,maleTrue
493,0,1,Mr,male,5,0,0,3,None,C,0,True,51,False,5male,01,Mrmale,False,maleFalse,5maleFalse,male1,maleFalse
494,0,3,Mr,male,3,0,0,1,None,S,0,True,33,False,3male,03,Mrmale,False,maleFalse,3maleFalse,male3,maleFalse
495,0,3,Mr,male,2,0,0,2,None,C,0,True,23,False,2male,03,Mrmale,False,maleFalse,2maleFalse,male3,maleFalse
496,1,1,Miss,female,5,1,0,3,D,C,1,False,51,True,5female,11,Missfemale,False,femaleFalse,5femaleFalse,female1,femaleTrue
497,0,3,Mr,male,2,0,0,2,None,S,0,True,23,False,2male,03,Mrmale,False,maleFalse,2maleFalse,male3,maleFalse
498,0,1,Mrs,female,3,1,2,3,C,S,3,False,31,True,3female,31,Mrsfemale,True,femaleTrue,3femaleTrue,female1,femaleTrue
499,0,3,Mr,male,3,0,0,0,None,S,0,True,33,False,3male,03,Mrmale,False,maleFalse,3maleFalse,male3,maleFalse
500,0,3,Mr,male,2,0,0,1,None,S,0,True,23,False,2male,03,Mrmale,False,maleFalse,2maleFalse,male3,maleFalse
501,0,3,Miss,female,3,0,0,0,None,Q,0,True,33,False,3female,03,Missfemale,False,femaleFalse,3femaleFalse,female3,femaleFalse
502,0,3,Miss,female,2,0,0,0,None,Q,0,True,23,False,2female,03,Missfemale,False,femaleFalse,2femaleFalse,female3,femaleFalse
503,0,3,Miss,female,4,0,0,1,None,S,0,True,43,False,4female,03,Missfemale,False,femaleFalse,4femaleFalse,female3,femaleFalse
504,1,1,Miss,female,2,0,0,3,B,S,0,True,21,True,2female,01,Missfemale,False,femaleFalse,2femaleFalse,female1,femaleTrue
505,0,1,Mr,male,2,1,0,3,C,C,1,False,21,True,2male,11,Mrmale,False,maleFalse,2maleFalse,male1,maleTrue
506,1,2,Mrs,female,4,0,2,2,None,S,2,False,42,False,4female,22,Mrsfemale,True,femaleTrue,4femaleTrue,female2,femaleFalse
507,1,1,Mr,male,2,0,0,2,None,S,0,True,21,False,2male,01,Mrmale,False,maleFalse,2maleFalse,male1,maleFalse
508,0,3,Mr,male,3,0,0,2,None,S,0,True,33,False,3male,03,Mrmale,False,maleFalse,3maleFalse,male3,maleFalse
509,1,3,Mr,male,3,0,0,3,None,S,0,True,33,False,3male,03,Mrmale,False,maleFalse,3maleFalse,male3,maleFalse
510,1,3,Mr,male,3,0,0,0,None,Q,0,True,33,False,3male,03,Mrmale,False,maleFalse,3maleFalse,male3,maleFalse
511,0,3,Mr,male,2,0,0,1,None,S,0,True,23,False,2male,03,Mrmale,False,maleFalse,2maleFalse,male3,maleFalse
512,1,1,Mr,male,4,0,0,2,E,S,0,True,41,True,4male,01,Mrmale,False,maleFalse,4maleFalse,male1,maleTrue
513,1,1,Mrs,female,5,1,0,3,None,C,1,False,51,False,5female,11,Mrsfemale,True,femaleTrue,5femaleTrue,female1,femaleFalse
514,0,3,Mr,male,3,0,0,0,None,S,0,True,33,False,3male,03,Mrmale,False,maleFalse,3maleFalse,male3,maleFalse
515,0,1,Mr,male,4,0,0,3,D,S,0,True,41,True,4male,01,Mrmale,False,maleFalse,4maleFalse,male1,maleTrue
516,1,2,Mrs,female,4,0,0,1,F,S,0,True,42,True,4female,02,Mrsfemale,True,femaleTrue,4femaleTrue,female2,femaleTrue
517,0,3,Mr,male,2,0,0,2,None,Q,0,True,23,False,2male,03,Mrmale,False,maleFalse,2maleFalse,male3,maleFalse
518,1,2,Mrs,female,4,1,0,2,None,S,1,False,42,False,4female,12,Mrsfemale,True,femaleTrue,4femaleTrue,female2,femaleFalse
519,0,3,Mr,male,4,0,0,0,None,S,0,True,43,False,4male,03,Mrmale,False,maleFalse,4maleFalse,male3,maleFalse
520,1,1,Miss,female,3,0,0,3,B,S,0,True,31,True,3female,01,Missfemale,False,femaleFalse,3femaleFalse,female1,femaleTrue
521,0,3,Mr,male,3,0,0,0,None,S,0,True,33,False,3male,03,Mrmale,False,maleFalse,3maleFalse,male3,maleFalse
522,0,3,Mr,male,2,0,0,0,None,C,0,True,23,False,2male,03,Mrmale,False,maleFalse,2maleFalse,male3,maleFalse
523,1,1,Mrs,female,4,0,1,3,B,C,1,False,41,True,4female,11,Mrsfemale,True,femaleTrue,4femaleTrue,female1,femaleTrue
524,0,3,Mr,male,2,0,0,0,None,C,0,True,23,False,2male,03,Mrmale,False,maleFalse,2maleFalse,male3,maleFalse
525,0,3,Mr,male,4,0,0,0,None,Q,0,True,43,False,4male,03,Mrmale,False,maleFalse,4maleFalse,male3,maleFalse
526,1,2,Miss,female,4,0,0,1,None,S,0,True,42,False,4female,02,Missfemale,False,femaleFalse,4femaleFalse,female2,femaleFalse
527,0,1,Mr,male,2,0,0,3,C,S,0,True,21,True,2male,01,Mrmale,False,maleFalse,2maleFalse,male1,maleTrue
528,0,3,Mr,male,4,0,0,1,None,S,0,True,43,False,4male,03,Mrmale,False,maleFalse,4maleFalse,male3,maleFalse
529,0,2,Mr,male,3,2,1,1,None,S,3,False,32,False,3male,32,Mrmale,False,maleFalse,3maleFalse,male2,maleFalse
530,1,2,Miss,female,0,1,1,2,None,S,2,False,02,False,0female,22,Missfemale,False,femaleFalse,0femaleFalse,female2,femaleFalse
531,0,3,Mr,male,2,0,0,0,None,C,0,True,23,False,2male,03,Mrmale,False,maleFalse,2maleFalse,male3,maleFalse
532,0,3,Mr,male,2,1,1,0,None,C,2,False,23,False,2male,23,Mrmale,False,maleFalse,2maleFalse,male3,maleFalse
533,1,3,Mrs,female,2,0,2,2,None,C,2,False,23,False,2female,23,Mrsfemale,True,femaleTrue,2femaleTrue,female3,femaleFalse
534,0,3,Miss,female,3,0,0,1,None,S,0,True,33,False,3female,03,Missfemale,False,femaleFalse,3femaleFalse,female3,femaleFalse
535,1,2,Miss,female,1,0,2,2,None,S,2,False,12,False,1female,22,Missfemale,False,femaleFalse,1femaleFalse,female2,femaleFalse
536,0,1,Uncommon,male,4,0,0,2,B,S,0,True,41,True,4male,01,Uncommonmale,False,maleFalse,4maleFalse,male1,maleTrue
537,1,1,Miss,female,3,0,0,3,None,C,0,True,31,False,3female,01,Missfemale,False,femaleFalse,3femaleFalse,female1,femaleFalse
538,0,3,Mr,male,2,0,0,2,None,S,0,True,23,False,2male,03,Mrmale,False,maleFalse,2maleFalse,male3,maleFalse
539,1,1,Miss,female,3,0,2,3,B,C,2,False,31,True,3female,21,Missfemale,False,femaleFalse,3femaleFalse,female1,femaleTrue
540,1,1,Miss,female,4,0,2,3,B,S,2,False,41,True,4female,21,Missfemale,False,femaleFalse,4femaleFalse,female1,femaleTrue
541,0,3,Miss,female,1,4,2,3,None,S,6,False,13,False,1female,63,Missfemale,False,femaleFalse,1femaleFalse,female3,femaleFalse
542,0,3,Miss,female,1,4,2,3,None,S,6,False,13,False,1female,63,Missfemale,False,femaleFalse,1femaleFalse,female3,femaleFalse
543,1,2,Mr,male,4,1,0,2,None,S,1,False,42,False,4male,12,Mrmale,True,maleTrue,4maleTrue,male2,maleFalse
544,0,1,Mr,male,4,1,0,3,C,C,1,False,41,True,4male,11,Mrmale,True,maleTrue,4maleTrue,male1,maleTrue
545,0,1,Mr,male,5,0,0,2,None,S,0,True,51,False,5male,01,Mrmale,False,maleFalse,5maleFalse,male1,maleFalse
546,1,2,Mrs,female,2,1,0,2,None,S,1,False,22,False,2female,12,Mrsfemale,True,femaleTrue,2femaleTrue,female2,femaleFalse
547,1,2,Mr,male,2,0,0,1,None,C,0,True,22,False,2male,02,Mrmale,False,maleFalse,2maleFalse,male2,maleFalse
548,0,3,Mr,male,4,1,1,2,None,S,2,False,43,False,4male,23,Mrmale,True,maleTrue,4maleTrue,male3,maleFalse
549,1,2,Master,male,1,1,1,3,None,S,2,False,12,False,1male,22,Mastermale,False,maleFalse,1maleFalse,male2,maleFalse
550,1,1,Mr,male,2,0,2,3,C,C,2,False,21,True,2male,21,Mrmale,False,maleFalse,2maleFalse,male1,maleTrue
551,0,2,Mr,male,3,0,0,2,None,S,0,True,32,False,3male,02,Mrmale,False,maleFalse,3maleFalse,male2,maleFalse
552,0,3,Mr,male,2,0,0,0,None,Q,0,True,23,False,2male,03,Mrmale,False,maleFalse,2maleFalse,male3,maleFalse
553,1,3,Mr,male,3,0,0,0,None,C,0,True,33,False,3male,03,Mrmale,False,maleFalse,3maleFalse,male3,maleFalse
554,1,3,Miss,female,3,0,0,0,None,S,0,True,33,False,3female,03,Missfemale,False,femaleFalse,3femaleFalse,female3,femaleFalse
555,0,1,Mr,male,5,0,0,2,None,S,0,True,51,False,5male,01,Mrmale,False,maleFalse,5maleFalse,male1,maleFalse
556,1,1,Uncommon,female,4,1,0,3,A,C,1,False,41,True,4female,11,Uncommonfemale,False,femaleFalse,4femaleFalse,female1,femaleTrue
557,0,1,Mr,male,2,0,0,3,None,C,0,True,21,False,2male,01,Mrmale,False,maleFalse,2maleFalse,male1,maleFalse
558,1,1,Mrs,female,4,1,1,3,E,S,2,False,41,True,4female,21,Mrsfemale,True,femaleTrue,4femaleTrue,female1,femaleTrue
559,1,3,Mrs,female,4,1,0,2,None,S,1,False,43,False,4female,13,Mrsfemale,True,femaleTrue,4femaleTrue,female3,femaleFalse
560,0,3,Mr,male,2,0,0,0,None,Q,0,True,23,False,2male,03,Mrmale,False,maleFalse,2maleFalse,male3,maleFalse
561,0,3,Mr,male,4,0,0,0,None,S,0,True,43,False,4male,03,Mrmale,False,maleFalse,4maleFalse,male3,maleFalse
562,0,2,Mr,male,3,0,0,1,None,S,0,True,32,False,3male,02,Mrmale,False,maleFalse,3maleFalse,male2,maleFalse
563,0,3,Mr,male,2,0,0,1,None,S,0,True,23,False,2male,03,Mrmale,False,maleFalse,2maleFalse,male3,maleFalse
564,0,3,Miss,female,2,0,0,1,None,S,0,True,23,False,2female,03,Missfemale,False,femaleFalse,2femaleFalse,female3,femaleFalse
565,0,3,Mr,male,3,2,0,2,None,S,2,False,33,False,3male,23,Mrmale,False,maleFalse,3maleFalse,male3,maleFalse
566,0,3,Mr,male,2,0,0,0,None,S,0,True,23,False,2male,03,Mrmale,False,maleFalse,2maleFalse,male3,maleFalse
567,0,3,Mrs,female,3,0,4,2,None,S,4,False,33,False,3female,43,Mrsfemale,True,femaleTrue,3femaleTrue,female3,femaleFalse
568,0,3,Mr,male,2,0,0,0,None,C,0,True,23,False,2male,03,Mrmale,False,maleFalse,2maleFalse,male3,maleFalse
569,1,3,Mr,male,4,0,0,0,None,S,0,True,43,False,4male,03,Mrmale,False,maleFalse,4maleFalse,male3,maleFalse
570,1,2,Mr,male,5,0,0,1,None,S,0,True,52,False,5male,02,Mrmale,False,maleFalse,5maleFalse,male2,maleFalse
571,1,1,Mrs,female,5,2,0,3,C,S,2,False,51,True,5female,21,Mrsfemale,True,femaleTrue,5femaleTrue,female1,femaleTrue
572,1,1,Mr,male,4,0,0,2,E,S,0,True,41,True,4male,01,Mrmale,False,maleFalse,4maleFalse,male1,maleTrue
573,1,3,Miss,female,2,0,0,0,None,Q,0,True,23,False,2female,03,Missfemale,False,femaleFalse,2femaleFalse,female3,femaleFalse
574,0,3,Mr,male,2,0,0,1,None,S,0,True,23,False,2male,03,Mrmale,False,maleFalse,2maleFalse,male3,maleFalse
575,0,3,Mr,male,2,0,0,2,None,S,0,True,23,False,2male,03,Mrmale,False,maleFalse,2maleFalse,male3,maleFalse
576,1,2,Miss,female,4,0,0,1,None,S,0,True,42,False,4female,02,Missfemale,False,femaleFalse,4femaleFalse,female2,femaleFalse
577,1,1,Mrs,female,4,1,0,3,E,S,1,False,41,True,4female,11,Mrsfemale,True,femaleTrue,4femaleTrue,female1,femaleTrue
578,0,3,Mrs,female,2,1,0,2,None,C,1,False,23,False,2female,13,Mrsfemale,True,femaleTrue,2femaleTrue,female3,femaleFalse
579,1,3,Mr,male,4,0,0,1,None,S,0,True,43,False,4male,03,Mrmale,False,maleFalse,4maleFalse,male3,maleFalse
580,1,2,Miss,female,3,1,1,2,None,S,2,False,32,False,3female,22,Missfemale,False,femaleFalse,3femaleFalse,female2,femaleFalse
581,1,1,Mrs,female,4,1,1,3,C,C,2,False,41,True,4female,21,Mrsfemale,True,femaleTrue,4femaleTrue,female1,femaleTrue
582,0,2,Mr,male,5,0,0,2,None,S,0,True,52,False,5male,02,Mrmale,False,maleFalse,5maleFalse,male2,maleFalse
583,0,1,Mr,male,4,0,0,3,A,C,0,True,41,True,4male,01,Mrmale,False,maleFalse,4maleFalse,male1,maleTrue
584,0,3,Mr,male,2,0,0,1,None,C,0,True,23,False,2male,03,Mrmale,False,maleFalse,2maleFalse,male3,maleFalse
585,1,1,Miss,female,2,0,2,3,E,S,2,False,21,True,2female,21,Missfemale,False,femaleFalse,2femaleFalse,female1,femaleTrue
586,0,2,Mr,male,4,0,0,2,None,S,0,True,42,False,4male,02,Mrmale,False,maleFalse,4maleFalse,male2,maleFalse
587,1,1,Mr,male,5,1,1,3,B,C,2,False,51,True,5male,21,Mrmale,True,maleTrue,5maleTrue,male1,maleTrue
588,0,3,Mr,male,3,0,0,1,None,S,0,True,33,False,3male,03,Mrmale,False,maleFalse,3maleFalse,male3,maleFalse
589,0,3,Mr,male,2,0,0,1,None,S,0,True,23,False,2male,03,Mrmale,False,maleFalse,2maleFalse,male3,maleFalse
590,0,3,Mr,male,4,0,0,0,None,S,0,True,43,False,4male,03,Mrmale,False,maleFalse,4maleFalse,male3,maleFalse
591,1,1,Mrs,female,5,1,0,3,D,C,1,False,51,True,5female,11,Mrsfemale,True,femaleTrue,5femaleTrue,female1,femaleTrue
592,0,3,Mr,male,4,0,0,0,None,S,0,True,43,False,4male,03,Mrmale,False,maleFalse,4maleFalse,male3,maleFalse
593,0,3,Miss,female,2,0,2,0,None,Q,2,False,23,False,2female,23,Missfemale,False,femaleFalse,2femaleFalse,female3,femaleFalse
594,0,2,Mr,male,4,1,0,2,None,S,1,False,42,False,4male,12,Mrmale,True,maleTrue,4maleTrue,male2,maleFalse
595,0,3,Mr,male,4,1,1,2,None,S,2,False,43,False,4male,23,Mrmale,True,maleTrue,4maleTrue,male3,maleFalse
596,1,2,Miss,female,2,0,0,3,None,S,0,True,22,False,2female,02,Missfemale,False,femaleFalse,2femaleFalse,female2,femaleFalse
597,0,3,Mr,male,4,0,0,0,None,S,0,True,43,False,4male,03,Mrmale,False,maleFalse,4maleFalse,male3,maleFalse
598,0,3,Mr,male,2,0,0,0,None,C,0,True,23,False,2male,03,Mrmale,False,maleFalse,2maleFalse,male3,maleFalse
599,1,1,Uncommon,male,4,1,0,3,A,C,1,False,41,True,4male,11,Uncommonmale,True,maleTrue,4maleTrue,male1,maleTrue
600,1,2,Mrs,female,3,2,1,2,None,S,3,False,32,False,3female,32,Mrsfemale,True,femaleTrue,3femaleTrue,female2,femaleFalse
601,0,3,Mr,male,2,0,0,0,None,S,0,True,23,False,2male,03,Mrmale,False,maleFalse,2maleFalse,male3,maleFalse
602,0,1,Mr,male,2,0,0,3,None,S,0,True,21,False,2male,01,Mrmale,False,maleFalse,2maleFalse,male1,maleFalse
603,0,3,Mr,male,4,0,0,1,None,S,0,True,43,False,4male,03,Mrmale,False,maleFalse,4maleFalse,male3,maleFalse
604,1,1,Mr,male,4,0,0,2,None,C,0,True,41,False,4male,01,Mrmale,False,maleFalse,4maleFalse,male1,maleFalse
605,0,3,Mr,male,4,1,0,2,None,S,1,False,43,False,4male,13,Mrmale,True,maleTrue,4maleTrue,male3,maleFalse
606,0,3,Mr,male,3,0,0,0,None,S,0,True,33,False,3male,03,Mrmale,False,maleFalse,3maleFalse,male3,maleFalse
607,1,1,Mr,male,3,0,0,2,None,S,0,True,31,False,3male,01,Mrmale,False,maleFalse,3maleFalse,male1,maleFalse
608,1,2,Mrs,female,3,1,2,3,None,C,3,False,32,False,3female,32,Mrsfemale,True,femaleTrue,3femaleTrue,female2,femaleFalse
609,1,1,Miss,female,4,0,0,3,C,S,0,True,41,True,4female,01,Missfemale,False,femaleFalse,4femaleFalse,female1,femaleTrue
610,0,3,Mrs,female,4,1,5,3,None,S,6,False,43,False,4female,63,Mrsfemale,True,femaleTrue,4femaleTrue,female3,femaleFalse
611,0,3,Mr,male,2,0,0,0,None,S,0,True,23,False,2male,03,Mrmale,False,maleFalse,2maleFalse,male3,maleFalse
612,1,3,Miss,female,2,1,0,2,None,Q,1,False,23,False,2female,13,Missfemale,False,femaleFalse,2femaleFalse,female3,femaleFalse
613,0,3,Mr,male,2,0,0,0,None,Q,0,True,23,False,2male,03,Mrmale,False,maleFalse,2maleFalse,male3,maleFalse
614,0,3,Mr,male,4,0,0,1,None,S,0,True,43,False,4male,03,Mrmale,False,maleFalse,4maleFalse,male3,maleFalse
615,1,2,Miss,female,3,1,2,3,None,S,3,False,32,False,3female,32,Missfemale,False,femaleFalse,3femaleFalse,female2,femaleFalse
616,0,3,Mr,male,4,1,1,1,None,S,2,False,43,False,4male,23,Mrmale,True,maleTrue,4maleTrue,male3,maleFalse
617,0,3,Mrs,female,3,1,0,2,None,S,1,False,33,False,3female,13,Mrsfemale,True,femaleTrue,3femaleTrue,female3,femaleFalse
618,1,2,Miss,female,1,2,1,3,F,S,3,False,12,True,1female,32,Missfemale,False,femaleFalse,1femaleFalse,female2,femaleTrue
619,0,2,Mr,male,3,0,0,1,None,S,0,True,32,False,3male,02,Mrmale,False,maleFalse,3maleFalse,male2,maleFalse
620,0,3,Mr,male,3,1,0,1,None,C,1,False,33,False,3male,13,Mrmale,True,maleTrue,3maleTrue,male3,maleFalse
621,1,1,Mr,male,4,1,0,3,D,S,1,False,41,True,4male,11,Mrmale,True,maleTrue,4maleTrue,male1,maleTrue
622,1,3,Mr,male,3,1,1,2,None,C,2,False,33,False,3male,23,Mrmale,True,maleTrue,3maleTrue,male3,maleFalse
623,0,3,Mr,male,3,0,0,0,None,S,0,True,33,False,3male,03,Mrmale,False,maleFalse,3maleFalse,male3,maleFalse
624,0,3,Mr,male,3,0,0,2,None,S,0,True,33,False,3male,03,Mrmale,False,maleFalse,3maleFalse,male3,maleFalse
625,0,1,Mr,male,5,0,0,3,D,S,0,True,51,True,5male,01,Mrmale,False,maleFalse,5maleFalse,male1,maleTrue
626,0,2,Uncommon,male,5,0,0,1,None,Q,0,True,52,False,5male,02,Uncommonmale,False,maleFalse,5maleFalse,male2,maleFalse
627,1,1,Miss,female,3,0,0,3,D,S,0,True,31,True,3female,01,Missfemale,False,femaleFalse,3femaleFalse,female1,femaleTrue
628,0,3,Mr,male,3,0,0,0,None,S,0,True,33,False,3male,03,Mrmale,False,maleFalse,3maleFalse,male3,maleFalse
629,0,3,Mr,male,2,0,0,0,None,Q,0,True,23,False,2male,03,Mrmale,False,maleFalse,2maleFalse,male3,maleFalse
630,1,1,Mr,male,5,0,0,2,A,S,0,True,51,True,5male,01,Mrmale,False,maleFalse,5maleFalse,male1,maleTrue
631,0,3,Mr,male,5,0,0,0,None,S,0,True,53,False,5male,03,Mrmale,False,maleFalse,5maleFalse,male3,maleFalse
632,1,1,Uncommon,male,4,0,0,2,B,C,0,True,41,True,4male,01,Uncommonmale,False,maleFalse,4maleFalse,male1,maleTrue
633,0,1,Mr,male,2,0,0,0,None,S,0,True,21,False,2male,01,Mrmale,False,maleFalse,2maleFalse,male1,maleFalse
634,0,3,Miss,female,1,3,2,2,None,S,5,False,13,False,1female,53,Missfemale,False,femaleFalse,1femaleFalse,female3,femaleFalse
635,1,2,Miss,female,3,0,0,1,None,S,0,True,32,False,3female,02,Missfemale,False,femaleFalse,3femaleFalse,female2,femaleFalse
636,0,3,Mr,male,4,0,0,1,None,S,0,True,43,False,4male,03,Mrmale,False,maleFalse,4maleFalse,male3,maleFalse
637,0,2,Mr,male,4,1,1,2,None,S,2,False,42,False,4male,22,Mrmale,True,maleTrue,4maleTrue,male2,maleFalse
638,0,3,Mrs,female,4,0,5,3,None,S,5,False,43,False,4female,53,Mrsfemale,True,femaleTrue,4femaleTrue,female3,femaleFalse
639,0,3,Mr,male,2,1,0,2,None,S,1,False,23,False,2male,13,Mrmale,False,maleFalse,2maleFalse,male3,maleFalse
640,0,3,Mr,male,3,0,0,0,None,S,0,True,33,False,3male,03,Mrmale,False,maleFalse,3maleFalse,male3,maleFalse
641,1,1,Uncommon,female,3,0,0,3,B,C,0,True,31,True,3female,01,Uncommonfemale,False,femaleFalse,3femaleFalse,female1,femaleTrue
642,0,3,Miss,female,0,3,2,2,None,S,5,False,03,False,0female,53,Missfemale,False,femaleFalse,0femaleFalse,female3,femaleFalse
643,1,3,Mr,male,2,0,0,3,None,S,0,True,23,False,2male,03,Mrmale,False,maleFalse,2maleFalse,male3,maleFalse
644,1,3,Miss,female,0,2,1,2,None,C,3,False,03,False,0female,33,Missfemale,False,femaleFalse,0femaleFalse,female3,femaleFalse
645,1,1,Mr,male,4,1,0,3,D,C,1,False,41,True,4male,11,Mrmale,True,maleTrue,4maleTrue,male1,maleTrue
646,0,3,Mr,male,2,0,0,0,None,S,0,True,23,False,2male,03,Mrmale,False,maleFalse,2maleFalse,male3,maleFalse
647,1,1,Uncommon,male,5,0,0,3,A,C,0,True,51,True,5male,01,Uncommonmale,False,maleFalse,5maleFalse,male1,maleTrue
648,0,3,Mr,male,2,0,0,0,None,S,0,True,23,False,2male,03,Mrmale,False,maleFalse,2maleFalse,male3,maleFalse
649,1,3,Miss,female,3,0,0,0,None,S,0,True,33,False,3female,03,Missfemale,False,femaleFalse,3femaleFalse,female3,femaleFalse
650,0,3,Mr,male,2,0,0,0,None,S,0,True,23,False,2male,03,Mrmale,False,maleFalse,2maleFalse,male3,maleFalse
651,1,2,Miss,female,2,0,1,2,None,S,1,False,22,False,2female,12,Missfemale,False,femaleFalse,2femaleFalse,female2,femaleFalse
652,0,3,Mr,male,3,0,0,1,None,S,0,True,33,False,3male,03,Mrmale,False,maleFalse,3maleFalse,male3,maleFalse
653,1,3,Miss,female,2,0,0,0,None,Q,0,True,23,False,2female,03,Missfemale,False,femaleFalse,2femaleFalse,female3,femaleFalse
654,0,3,Miss,female,2,0,0,0,None,Q,0,True,23,False,2female,03,Missfemale,False,femaleFalse,2femaleFalse,female3,femaleFalse
655,0,2,Mr,male,3,2,0,3,None,S,2,False,32,False,3male,22,Mrmale,False,maleFalse,3maleFalse,male2,maleFalse
656,0,3,Mr,male,2,0,0,0,None,S,0,True,23,False,2male,03,Mrmale,False,maleFalse,2maleFalse,male3,maleFalse
657,0,3,Mrs,female,4,1,1,2,None,Q,2,False,43,False,4female,23,Mrsfemale,True,femaleTrue,4femaleTrue,female3,femaleFalse
658,0,2,Mr,male,3,0,0,1,None,S,0,True,32,False,3male,02,Mrmale,False,maleFalse,3maleFalse,male2,maleFalse
659,0,1,Mr,male,5,0,2,3,D,C,2,False,51,True,5male,21,Mrmale,False,maleFalse,5maleFalse,male1,maleTrue
660,1,1,Uncommon,male,4,2,0,3,None,S,2,False,41,False,4male,21,Uncommonmale,False,maleFalse,4maleFalse,male1,maleFalse
661,0,3,Mr,male,4,0,0,0,None,C,0,True,43,False,4male,03,Mrmale,False,maleFalse,4maleFalse,male3,maleFalse
662,0,1,Mr,male,4,0,0,2,E,S,0,True,41,True,4male,01,Mrmale,False,maleFalse,4maleFalse,male1,maleTrue
663,0,3,Mr,male,4,0,0,0,None,S,0,True,43,False,4male,03,Mrmale,False,maleFalse,4maleFalse,male3,maleFalse
664,1,3,Mr,male,3,1,0,1,None,S,1,False,33,False,3male,13,Mrmale,True,maleTrue,3maleTrue,male3,maleFalse
665,0,2,Mr,male,4,2,0,3,None,S,2,False,42,False,4male,22,Mrmale,False,maleFalse,4maleFalse,male2,maleFalse
666,0,2,Mr,male,3,0,0,1,None,S,0,True,32,False,3male,02,Mrmale,False,maleFalse,3maleFalse,male2,maleFalse
667,0,3,Mr,male,2,0,0,0,None,S,0,True,23,False,2male,03,Mrmale,False,maleFalse,2maleFalse,male3,maleFalse
668,0,3,Mr,male,4,0,0,1,None,S,0,True,43,False,4male,03,Mrmale,False,maleFalse,4maleFalse,male3,maleFalse
669,1,1,Mrs,female,2,1,0,3,C,S,1,False,21,True,2female,11,Mrsfemale,True,femaleTrue,2femaleTrue,female1,femaleTrue
670,1,2,Mrs,female,4,1,1,3,None,S,2,False,42,False,4female,22,Mrsfemale,True,femaleTrue,4femaleTrue,female2,femaleFalse
671,0,1,Mr,male,4,1,0,3,B,S,1,False,41,True,4male,11,Mrmale,True,maleTrue,4maleTrue,male1,maleTrue
672,0,2,Mr,male,5,0,0,1,None,S,0,True,52,False,5male,02,Mrmale,False,maleFalse,5maleFalse,male2,maleFalse
673,1,2,Mr,male,4,0,0,1,None,S,0,True,42,False,4male,02,Mrmale,False,maleFalse,4maleFalse,male2,maleFalse
674,0,2,Mr,male,2,0,0,0,None,S,0,True,22,False,2male,02,Mrmale,False,maleFalse,2maleFalse,male2,maleFalse
675,0,3,Mr,male,2,0,0,0,None,S,0,True,23,False,2male,03,Mrmale,False,maleFalse,2maleFalse,male3,maleFalse
676,0,3,Mr,male,3,0,0,1,None,S,0,True,33,False,3male,03,Mrmale,False,maleFalse,3maleFalse,male3,maleFalse
677,1,3,Miss,female,2,0,0,1,None,S,0,True,23,False,2female,03,Missfemale,False,femaleFalse,2femaleFalse,female3,femaleFalse
678,0,3,Mrs,female,4,1,6,3,None,S,7,False,43,False,4female,73,Mrsfemale,True,femaleTrue,4femaleTrue,female3,femaleFalse
679,1,1,Mr,male,4,0,1,3,B,C,1,False,41,True,4male,11,Mrmale,False,maleFalse,4maleFalse,male1,maleTrue
680,0,3,Miss,female,2,0,0,1,None,Q,0,True,23,False,2female,03,Missfemale,False,femaleFalse,2femaleFalse,female3,femaleFalse
681,1,1,Mr,male,3,0,0,3,D,C,0,True,31,True,3male,01,Mrmale,False,maleFalse,3maleFalse,male1,maleTrue
682,0,3,Mr,male,3,0,0,1,None,S,0,True,33,False,3male,03,Mrmale,False,maleFalse,3maleFalse,male3,maleFalse
683,0,3,Mr,male,2,5,2,3,None,S,7,False,23,False,2male,73,Mrmale,False,maleFalse,2maleFalse,male3,maleFalse
684,0,2,Mr,male,5,1,1,3,None,S,2,False,52,False,5male,22,Mrmale,True,maleTrue,5maleTrue,male2,maleFalse
685,0,2,Mr,male,3,1,2,3,None,C,3,False,32,False,3male,32,Mrmale,True,maleTrue,3maleTrue,male2,maleFalse
686,0,3,Mr,male,2,4,1,3,None,S,5,False,23,False,2male,53,Mrmale,False,maleFalse,2maleFalse,male3,maleFalse
687,0,3,Mr,male,2,0,0,1,None,S,0,True,23,False,2male,03,Mrmale,False,maleFalse,2maleFalse,male3,maleFalse
688,0,3,Mr,male,2,0,0,0,None,S,0,True,23,False,2male,03,Mrmale,False,maleFalse,2maleFalse,male3,maleFalse
689,1,1,Miss,female,2,0,1,3,B,S,1,False,21,True,2female,11,Missfemale,False,femaleFalse,2femaleFalse,female1,femaleTrue
690,1,1,Mr,male,4,1,0,3,B,S,1,False,41,True,4male,11,Mrmale,True,maleTrue,4maleTrue,male1,maleTrue
691,1,3,Miss,female,1,0,1,1,None,C,1,False,13,False,1female,13,Missfemale,False,femaleFalse,1femaleFalse,female3,femaleFalse
692,1,3,Mr,male,2,0,0,3,None,S,0,True,23,False,2male,03,Mrmale,False,maleFalse,2maleFalse,male3,maleFalse
693,0,3,Mr,male,3,0,0,0,None,C,0,True,33,False,3male,03,Mrmale,False,maleFalse,3maleFalse,male3,maleFalse
694,0,1,Uncommon,male,5,0,0,2,None,S,0,True,51,False,5male,01,Uncommonmale,False,maleFalse,5maleFalse,male1,maleFalse
695,0,2,Mr,male,5,0,0,1,None,S,0,True,52,False,5male,02,Mrmale,False,maleFalse,5maleFalse,male2,maleFalse
696,0,3,Mr,male,4,0,0,1,None,S,0,True,43,False,4male,03,Mrmale,False,maleFalse,4maleFalse,male3,maleFalse
697,1,3,Miss,female,2,0,0,0,None,Q,0,True,23,False,2female,03,Missfemale,False,femaleFalse,2femaleFalse,female3,femaleFalse
698,0,1,Mr,male,4,1,1,3,C,C,2,False,41,True,4male,21,Mrmale,True,maleTrue,4maleTrue,male1,maleTrue
699,0,3,Mr,male,4,0,0,0,F G,S,0,True,43,True,4male,03,Mrmale,False,maleFalse,4maleFalse,male3,maleTrue
700,1,1,Mrs,female,2,1,0,3,C,C,1,False,21,True,2female,11,Mrsfemale,True,femaleTrue,2femaleTrue,female1,femaleTrue
701,1,1,Mr,male,4,0,0,2,E,S,0,True,41,True,4male,01,Mrmale,False,maleFalse,4maleFalse,male1,maleTrue
702,0,3,Miss,female,2,0,1,1,None,C,1,False,23,False,2female,13,Missfemale,False,femaleFalse,2femaleFalse,female3,femaleFalse
703,0,3,Mr,male,3,0,0,0,None,Q,0,True,33,False,3male,03,Mrmale,False,maleFalse,3maleFalse,male3,maleFalse
704,0,3,Mr,male,3,1,0,0,None,S,1,False,33,False,3male,13,Mrmale,True,maleTrue,3maleTrue,male3,maleFalse
705,0,2,Mr,male,4,0,0,2,None,S,0,True,42,False,4male,02,Mrmale,False,maleFalse,4maleFalse,male2,maleFalse
706,1,2,Mrs,female,4,0,0,1,None,S,0,True,42,False,4female,02,Mrsfemale,True,femaleTrue,4femaleTrue,female2,femaleFalse
707,1,1,Mr,male,4,0,0,2,E,S,0,True,41,True,4male,01,Mrmale,False,maleFalse,4maleFalse,male1,maleTrue
708,1,1,Miss,female,3,0,0,3,None,S,0,True,31,False,3female,01,Missfemale,False,femaleFalse,3femaleFalse,female1,femaleFalse
709,1,3,Master,male,1,1,1,2,None,C,2,False,13,False,1male,23,Mastermale,False,maleFalse,1maleFalse,male3,maleFalse
710,1,1,Uncommon,female,3,0,0,3,C,C,0,True,31,True,3female,01,Uncommonfemale,False,femaleFalse,3femaleFalse,female1,femaleTrue
711,0,1,Mr,male,2,0,0,2,C,S,0,True,21,True,2male,01,Mrmale,False,maleFalse,2maleFalse,male1,maleTrue
712,1,1,Mr,male,4,1,0,3,C,S,1,False,41,True,4male,11,Mrmale,True,maleTrue,4maleTrue,male1,maleTrue
713,0,3,Mr,male,3,0,0,1,None,S,0,True,33,False,3male,03,Mrmale,False,maleFalse,3maleFalse,male3,maleFalse
714,0,2,Mr,male,5,0,0,1,None,S,0,True,52,False,5male,02,Mrmale,False,maleFalse,5maleFalse,male2,maleFalse
715,0,3,Mr,male,2,0,0,0,F G,S,0,True,23,True,2male,03,Mrmale,False,maleFalse,2maleFalse,male3,maleTrue
716,1,1,Miss,female,4,0,0,3,C,C,0,True,41,True,4female,01,Missfemale,False,femaleFalse,4femaleFalse,female1,femaleTrue
717,1,2,Miss,female,3,0,0,1,E,S,0,True,32,True,3female,02,Missfemale,False,femaleFalse,3femaleFalse,female2,femaleTrue
718,0,3,Mr,male,2,0,0,2,None,Q,0,True,23,False,2male,03,Mrmale,False,maleFalse,2maleFalse,male3,maleFalse
719,0,3,Mr,male,4,0,0,0,None,S,0,True,43,False,4male,03,Mrmale,False,maleFalse,4maleFalse,male3,maleFalse
720,1,2,Miss,female,1,0,1,3,None,S,1,False,12,False,1female,12,Missfemale,False,femaleFalse,1femaleFalse,female2,femaleFalse
721,0,3,Mr,male,2,1,0,0,None,S,1,False,23,False,2male,13,Mrmale,False,maleFalse,2maleFalse,male3,maleFalse
722,0,2,Mr,male,4,0,0,1,None,S,0,True,42,False,4male,02,Mrmale,False,maleFalse,4maleFalse,male2,maleFalse
723,0,2,Mr,male,4,0,0,1,None,S,0,True,42,False,4male,02,Mrmale,False,maleFalse,4maleFalse,male2,maleFalse
724,1,1,Mr,male,3,1,0,3,E,S,1,False,31,True,3male,11,Mrmale,True,maleTrue,3maleTrue,male1,maleTrue
725,0,3,Mr,male,3,0,0,1,None,S,0,True,33,False,3male,03,Mrmale,False,maleFalse,3maleFalse,male3,maleFalse
726,1,2,Mrs,female,3,3,0,2,None,S,3,False,32,False,3female,32,Mrsfemale,True,femaleTrue,3femaleTrue,female2,femaleFalse
727,1,3,Miss,female,2,0,0,0,None,Q,0,True,23,False,2female,03,Missfemale,False,femaleFalse,2femaleFalse,female3,femaleFalse
728,0,2,Mr,male,3,1,0,2,None,S,1,False,32,False,3male,12,Mrmale,True,maleTrue,3maleTrue,male2,maleFalse
729,0,3,Miss,female,3,1,0,1,None,S,1,False,33,False,3female,13,Missfemale,False,femaleFalse,3femaleFalse,female3,femaleFalse
730,1,1,Miss,female,3,0,0,3,B,S,0,True,31,True,3female,01,Missfemale,False,femaleFalse,3femaleFalse,female1,femaleTrue
731,0,3,Mr,male,1,0,0,2,None,C,0,True,13,False,1male,03,Mrmale,False,maleFalse,1maleFalse,male3,maleFalse
732,0,2,Mr,male,2,0,0,0,None,S,0,True,22,False,2male,02,Mrmale,False,maleFalse,2maleFalse,male2,maleFalse
733,0,2,Mr,male,3,0,0,1,None,S,0,True,32,False,3male,02,Mrmale,False,maleFalse,3maleFalse,male2,maleFalse
734,0,2,Mr,male,3,0,0,1,None,S,0,True,32,False,3male,02,Mrmale,False,maleFalse,3maleFalse,male2,maleFalse
735,0,3,Mr,male,3,0,0,2,None,S,0,True,33,False,3male,03,Mrmale,False,maleFalse,3maleFalse,male3,maleFalse
736,0,3,Mrs,female,4,1,3,3,None,S,4,False,43,False,4female,43,Mrsfemale,True,femaleTrue,4femaleTrue,female3,femaleFalse
737,1,1,Mr,male,4,0,0,3,B,C,0,True,41,True,4male,01,Mrmale,False,maleFalse,4maleFalse,male1,maleTrue
738,0,3,Mr,male,2,0,0,0,None,S,0,True,23,False,2male,03,Mrmale,False,maleFalse,2maleFalse,male3,maleFalse
739,0,3,Mr,male,2,0,0,0,None,S,0,True,23,False,2male,03,Mrmale,False,maleFalse,2maleFalse,male3,maleFalse
740,1,1,Mr,male,2,0,0,2,D,S,0,True,21,True,2male,01,Mrmale,False,maleFalse,2maleFalse,male1,maleTrue
741,0,1,Mr,male,4,1,0,3,C,S,1,False,41,True,4male,11,Mrmale,True,maleTrue,4maleTrue,male1,maleTrue
742,1,1,Miss,female,3,2,2,3,B,C,4,False,31,True,3female,41,Missfemale,False,femaleFalse,3femaleFalse,female1,femaleTrue
743,0,3,Mr,male,3,1,0,2,None,S,1,False,33,False,3male,13,Mrmale,True,maleTrue,3maleTrue,male3,maleFalse
744,1,3,Mr,male,4,0,0,1,None,S,0,True,43,False,4male,03,Mrmale,False,maleFalse,4maleFalse,male3,maleFalse
745,0,1,Uncommon,male,5,1,1,3,B,S,2,False,51,True,5male,21,Uncommonmale,True,maleTrue,5maleTrue,male1,maleTrue
746,0,3,Mr,male,2,1,1,2,None,S,2,False,23,False,2male,23,Mrmale,False,maleFalse,2maleFalse,male3,maleFalse
747,1,2,Miss,female,3,0,0,1,None,S,0,True,32,False,3female,02,Missfemale,False,femaleFalse,3femaleFalse,female2,femaleFalse
748,0,1,Mr,male,2,1,0,3,D,S,1,False,21,True,2male,11,Mrmale,False,maleFalse,2maleFalse,male1,maleTrue
749,0,3,Mr,male,4,0,0,0,None,Q,0,True,43,False,4male,03,Mrmale,False,maleFalse,4maleFalse,male3,maleFalse
750,1,2,Miss,female,1,1,1,2,None,S,2,False,12,False,1female,22,Missfemale,False,femaleFalse,1femaleFalse,female2,femaleFalse
751,1,3,Master,male,1,0,1,1,E,S,1,False,13,True,1male,13,Mastermale,False,maleFalse,1maleFalse,male3,maleTrue
752,0,3,Mr,male,4,0,0,1,None,S,0,True,43,False,4male,03,Mrmale,False,maleFalse,4maleFalse,male3,maleFalse
753,0,3,Mr,male,3,0,0,0,None,S,0,True,33,False,3male,03,Mrmale,False,maleFalse,3maleFalse,male3,maleFalse
754,1,2,Mrs,female,4,1,2,3,None,S,3,False,42,False,4female,32,Mrsfemale,True,femaleTrue,4femaleTrue,female2,femaleFalse
755,1,2,Master,male,0,1,1,2,None,S,2,False,02,False,0male,22,Mastermale,False,maleFalse,0maleFalse,male2,maleFalse
756,0,3,Mr,male,3,0,0,0,None,S,0,True,33,False,3male,03,Mrmale,False,maleFalse,3maleFalse,male3,maleFalse
757,0,2,Mr,male,2,0,0,1,None,S,0,True,22,False,2male,02,Mrmale,False,maleFalse,2maleFalse,male2,maleFalse
758,0,3,Mr,male,4,0,0,1,None,S,0,True,43,False,4male,03,Mrmale,False,maleFalse,4maleFalse,male3,maleFalse
759,1,1,Uncommon,female,4,0,0,3,B,S,0,True,41,True,4female,01,Uncommonfemale,False,femaleFalse,4femaleFalse,female1,femaleTrue
760,0,3,Mr,male,2,0,0,2,None,S,0,True,23,False,2male,03,Mrmale,False,maleFalse,2maleFalse,male3,maleFalse
761,0,3,Mr,male,4,0,0,0,None,S,0,True,43,False,4male,03,Mrmale,False,maleFalse,4maleFalse,male3,maleFalse
762,1,3,Mr,male,3,0,0,0,None,C,0,True,33,False,3male,03,Mrmale,False,maleFalse,3maleFalse,male3,maleFalse
763,1,1,Mrs,female,4,1,2,3,B,S,3,False,41,True,4female,31,Mrsfemale,True,femaleTrue,4femaleTrue,female1,femaleTrue
764,0,3,Mr,male,2,0,0,0,None,S,0,True,23,False,2male,03,Mrmale,False,maleFalse,2maleFalse,male3,maleFalse
765,1,1,Mrs,female,5,1,0,3,D,S,1,False,51,True,5female,11,Mrsfemale,True,femaleTrue,5femaleTrue,female1,femaleTrue
766,0,1,Uncommon,male,4,0,0,3,None,C,0,True,41,False,4male,01,Uncommonmale,False,maleFalse,4maleFalse,male1,maleFalse
767,0,3,Miss,female,4,0,0,0,None,Q,0,True,43,False,4female,03,Missfemale,False,femaleFalse,4femaleFalse,female3,femaleFalse
768,0,3,Mr,male,2,1,0,2,None,Q,1,False,23,False,2male,13,Mrmale,False,maleFalse,2maleFalse,male3,maleFalse
769,0,3,Mr,male,4,0,0,1,None,S,0,True,43,False,4male,03,Mrmale,False,maleFalse,4maleFalse,male3,maleFalse
770,0,3,Mr,male,3,0,0,1,None,S,0,True,33,False,3male,03,Mrmale,False,maleFalse,3maleFalse,male3,maleFalse
771,0,3,Mr,male,4,0,0,0,None,S,0,True,43,False,4male,03,Mrmale,False,maleFalse,4maleFalse,male3,maleFalse
772,0,2,Mrs,female,5,0,0,1,E,S,0,True,52,True,5female,02,Mrsfemale,True,femaleTrue,5femaleTrue,female2,femaleTrue
773,0,3,Mr,male,2,0,0,0,None,C,0,True,23,False,2male,03,Mrmale,False,maleFalse,2maleFalse,male3,maleFalse
774,1,2,Mrs,female,5,1,3,2,None,S,4,False,52,False,5female,42,Mrsfemale,True,femaleTrue,5femaleTrue,female2,femaleFalse
775,0,3,Mr,male,2,0,0,0,None,S,0,True,23,False,2male,03,Mrmale,False,maleFalse,2maleFalse,male3,maleFalse
776,0,3,Mr,male,2,0,0,0,F,Q,0,True,23,True,2male,03,Mrmale,False,maleFalse,2maleFalse,male3,maleTrue
777,1,3,Miss,female,1,0,0,1,None,S,0,True,13,False,1female,03,Missfemale,False,femaleFalse,1femaleFalse,female3,femaleFalse
778,0,3,Mr,male,2,0,0,0,None,Q,0,True,23,False,2male,03,Mrmale,False,maleFalse,2maleFalse,male3,maleFalse
779,1,1,Mrs,female,4,0,1,3,B,S,1,False,41,True,4female,11,Mrsfemale,True,femaleTrue,4femaleTrue,female1,femaleTrue
780,1,3,Miss,female,2,0,0,0,None,C,0,True,23,False,2female,03,Missfemale,False,femaleFalse,2femaleFalse,female3,femaleFalse
781,1,1,Mrs,female,2,1,0,3,B,S,1,False,21,True,2female,11,Mrsfemale,True,femaleTrue,2femaleTrue,female1,femaleTrue
782,0,1,Mr,male,3,0,0,2,D,S,0,True,31,True,3male,01,Mrmale,False,maleFalse,3maleFalse,male1,maleTrue
783,0,3,Mr,male,2,1,2,2,None,S,3,False,23,False,2male,33,Mrmale,False,maleFalse,2maleFalse,male3,maleFalse
784,0,3,Mr,male,3,0,0,0,None,S,0,True,33,False,3male,03,Mrmale,False,maleFalse,3maleFalse,male3,maleFalse
785,0,3,Mr,male,3,0,0,0,None,S,0,True,33,False,3male,03,Mrmale,False,maleFalse,3maleFalse,male3,maleFalse
786,1,3,Miss,female,2,0,0,0,None,S,0,True,23,False,2female,03,Missfemale,False,femaleFalse,2femaleFalse,female3,femaleFalse
787,0,3,Master,male,1,4,1,2,None,Q,5,False,13,False,1male,53,Mastermale,False,maleFalse,1maleFalse,male3,maleFalse
788,1,3,Master,male,0,1,2,2,None,S,3,False,03,False,0male,33,Mastermale,False,maleFalse,0maleFalse,male3,maleFalse
789,0,1,Mr,male,4,0,0,3,B,C,0,True,41,True,4male,01,Mrmale,False,maleFalse,4maleFalse,male1,maleTrue
790,0,3,Mr,male,2,0,0,0,None,Q,0,True,23,False,2male,03,Mrmale,False,maleFalse,2maleFalse,male3,maleFalse
791,0,2,Mr,male,2,0,0,2,None,S,0,True,22,False,2male,02,Mrmale,False,maleFalse,2maleFalse,male2,maleFalse
792,0,3,Miss,female,2,8,2,3,None,S,10,False,23,False,2female,103,Missfemale,False,femaleFalse,2femaleFalse,female3,femaleFalse
793,0,1,Mr,male,2,0,0,2,None,C,0,True,21,False,2male,01,Mrmale,False,maleFalse,2maleFalse,male1,maleFalse
794,0,3,Mr,male,3,0,0,0,None,S,0,True,33,False,3male,03,Mrmale,False,maleFalse,3maleFalse,male3,maleFalse
795,0,2,Mr,male,4,0,0,1,None,S,0,True,42,False,4male,02,Mrmale,False,maleFalse,4maleFalse,male2,maleFalse
796,1,1,Uncommon,female,4,0,0,2,D,S,0,True,41,True,4female,01,Uncommonfemale,False,femaleFalse,4femaleFalse,female1,femaleTrue
797,1,3,Mrs,female,4,0,0,1,None,S,0,True,43,False,4female,03,Mrsfemale,True,femaleTrue,4femaleTrue,female3,femaleFalse
798,0,3,Mr,male,3,0,0,0,None,C,0,True,33,False,3male,03,Mrmale,False,maleFalse,3maleFalse,male3,maleFalse
799,0,3,Mrs,female,3,1,1,2,None,S,2,False,33,False,3female,23,Mrsfemale,True,femaleTrue,3femaleTrue,female3,femaleFalse
800,0,2,Mr,male,4,0,0,1,None,S,0,True,42,False,4male,02,Mrmale,False,maleFalse,4maleFalse,male2,maleFalse
801,1,2,Mrs,female,4,1,1,2,None,S,2,False,42,False,4female,22,Mrsfemale,True,femaleTrue,4femaleTrue,female2,femaleFalse
802,1,1,Master,male,1,1,2,3,B,S,3,False,11,True,1male,31,Mastermale,False,maleFalse,1maleFalse,male1,maleTrue
803,1,3,Master,male,0,0,1,1,None,C,1,False,03,False,0male,13,Mastermale,False,maleFalse,0maleFalse,male3,maleFalse
804,1,3,Mr,male,3,0,0,0,None,S,0,True,33,False,3male,03,Mrmale,False,maleFalse,3maleFalse,male3,maleFalse
805,0,3,Mr,male,4,0,0,0,None,S,0,True,43,False,4male,03,Mrmale,False,maleFalse,4maleFalse,male3,maleFalse
806,0,1,Mr,male,4,0,0,0,A,S,0,True,41,True,4male,01,Mrmale,False,maleFalse,4maleFalse,male1,maleTrue
807,0,3,Miss,female,2,0,0,0,None,S,0,True,23,False,2female,03,Missfemale,False,femaleFalse,2femaleFalse,female3,femaleFalse
808,0,2,Mr,male,4,0,0,1,None,S,0,True,42,False,4male,02,Mrmale,False,maleFalse,4maleFalse,male2,maleFalse
809,1,1,Mrs,female,4,1,0,3,E,S,1,False,41,True,4female,11,Mrsfemale,True,femaleTrue,4femaleTrue,female1,femaleTrue
810,0,3,Mr,male,3,0,0,0,None,S,0,True,33,False,3male,03,Mrmale,False,maleFalse,3maleFalse,male3,maleFalse
811,0,3,Mr,male,4,0,0,2,None,S,0,True,43,False,4male,03,Mrmale,False,maleFalse,4maleFalse,male3,maleFalse
812,0,2,Mr,male,4,0,0,1,None,S,0,True,42,False,4male,02,Mrmale,False,maleFalse,4maleFalse,male2,maleFalse
813,0,3,Miss,female,1,4,2,3,None,S,6,False,13,False,1female,63,Missfemale,False,femaleFalse,1femaleFalse,female3,femaleFalse
814,0,3,Mr,male,4,0,0,1,None,S,0,True,43,False,4male,03,Mrmale,False,maleFalse,4maleFalse,male3,maleFalse
815,0,1,Mr,male,2,0,0,0,B,S,0,True,21,True,2male,01,Mrmale,False,maleFalse,2maleFalse,male1,maleTrue
816,0,3,Miss,female,3,0,0,1,None,S,0,True,33,False,3female,03,Missfemale,False,femaleFalse,3femaleFalse,female3,femaleFalse
817,0,2,Mr,male,4,1,1,3,None,C,2,False,42,False,4male,22,Mrmale,True,maleTrue,4maleTrue,male2,maleFalse
818,0,3,Mr,male,4,0,0,0,None,S,0,True,43,False,4male,03,Mrmale,False,maleFalse,4maleFalse,male3,maleFalse
819,0,3,Master,male,1,3,2,2,None,S,5,False,13,False,1male,53,Mastermale,False,maleFalse,1maleFalse,male3,maleFalse
820,1,1,Mrs,female,5,1,1,3,B,S,2,False,51,True,5female,21,Mrsfemale,True,femaleTrue,5femaleTrue,female1,femaleTrue
821,1,3,Mr,male,3,0,0,1,None,S,0,True,33,False,3male,03,Mrmale,False,maleFalse,3maleFalse,male3,maleFalse
822,0,1,Uncommon,male,4,0,0,0,None,S,0,True,41,False,4male,01,Uncommonmale,False,maleFalse,4maleFalse,male1,maleFalse
823,1,3,Mrs,female,3,0,1,1,E,S,1,False,33,True,3female,13,Mrsfemale,True,femaleTrue,3femaleTrue,female3,femaleTrue
824,0,3,Master,male,0,4,1,3,None,S,5,False,03,False,0male,53,Mastermale,False,maleFalse,0maleFalse,male3,maleFalse
825,0,3,Mr,male,2,0,0,0,None,Q,0,True,23,False,2male,03,Mrmale,False,maleFalse,2maleFalse,male3,maleFalse
826,0,3,Mr,male,2,0,0,3,None,S,0,True,23,False,2male,03,Mrmale,False,maleFalse,2maleFalse,male3,maleFalse
827,1,2,Master,male,0,0,2,3,None,C,2,False,02,False,0male,22,Mastermale,False,maleFalse,0maleFalse,male2,maleFalse
828,1,3,Mr,male,2,0,0,0,None,Q,0,True,23,False,2male,03,Mrmale,False,maleFalse,2maleFalse,male3,maleFalse
829,1,1,Mrs,female,5,0,0,3,B,S,0,True,51,True,5female,01,Mrsfemale,True,femaleTrue,5femaleTrue,female1,femaleTrue
830,1,3,Mrs,female,2,1,0,1,None,C,1,False,23,False,2female,13,Mrsfemale,True,femaleTrue,2femaleTrue,female3,femaleFalse
831,1,2,Master,male,0,1,1,2,None,S,2,False,02,False,0male,22,Mastermale,False,maleFalse,0maleFalse,male2,maleFalse
832,0,3,Mr,male,2,0,0,0,None,C,0,True,23,False,2male,03,Mrmale,False,maleFalse,2maleFalse,male3,maleFalse
833,0,3,Mr,male,3,0,0,0,None,S,0,True,33,False,3male,03,Mrmale,False,maleFalse,3maleFalse,male3,maleFalse
834,0,3,Mr,male,2,0,0,1,None,S,0,True,23,False,2male,03,Mrmale,False,maleFalse,2maleFalse,male3,maleFalse
835,1,1,Miss,female,4,1,1,3,E,C,2,False,41,True,4female,21,Missfemale,False,femaleFalse,4femaleFalse,female1,femaleTrue
836,0,3,Mr,male,3,0,0,1,None,S,0,True,33,False,3male,03,Mrmale,False,maleFalse,3maleFalse,male3,maleFalse
837,0,3,Mr,male,2,0,0,1,None,S,0,True,23,False,2male,03,Mrmale,False,maleFalse,2maleFalse,male3,maleFalse
838,1,3,Mr,male,4,0,0,3,None,S,0,True,43,False,4male,03,Mrmale,False,maleFalse,4maleFalse,male3,maleFalse
839,1,1,Mr,male,2,0,0,2,C,C,0,True,21,True,2male,01,Mrmale,False,maleFalse,2maleFalse,male1,maleTrue
840,0,3,Mr,male,3,0,0,1,None,S,0,True,33,False,3male,03,Mrmale,False,maleFalse,3maleFalse,male3,maleFalse
841,0,2,Mr,male,2,0,0,1,None,S,0,True,22,False,2male,02,Mrmale,False,maleFalse,2maleFalse,male2,maleFalse
842,1,1,Miss,female,3,0,0,2,None,C,0,True,31,False,3female,01,Missfemale,False,femaleFalse,3femaleFalse,female1,femaleFalse
843,0,3,Mr,male,4,0,0,0,None,C,0,True,43,False,4male,03,Mrmale,False,maleFalse,4maleFalse,male3,maleFalse
844,0,3,Mr,male,2,0,0,1,None,S,0,True,23,False,2male,03,Mrmale,False,maleFalse,2maleFalse,male3,maleFalse
845,0,3,Mr,male,4,0,0,0,None,S,0,True,43,False,4male,03,Mrmale,False,maleFalse,4maleFalse,male3,maleFalse
846,0,3,Mr,male,2,8,2,3,None,S,10,False,23,False,2male,103,Mrmale,False,maleFalse,2maleFalse,male3,maleFalse
847,0,3,Mr,male,4,0,0,0,None,C,0,True,43,False,4male,03,Mrmale,False,maleFalse,4maleFalse,male3,maleFalse
848,0,2,Uncommon,male,3,0,1,3,None,S,1,False,32,False,3male,12,Uncommonmale,False,maleFalse,3maleFalse,male2,maleFalse
849,1,1,Mrs,female,2,1,0,3,C,C,1,False,21,True,2female,11,Mrsfemale,True,femaleTrue,2femaleTrue,female1,femaleTrue
850,0,3,Master,male,1,4,2,3,None,S,6,False,13,False,1male,63,Mastermale,False,maleFalse,1maleFalse,male3,maleFalse
851,0,3,Mr,male,5,0,0,0,None,S,0,True,53,False,5male,03,Mrmale,False,maleFalse,5maleFalse,male3,maleFalse
852,0,3,Miss,female,1,1,1,2,None,C,2,False,13,False,1female,23,Missfemale,False,femaleFalse,1femaleFalse,female3,femaleFalse
853,1,1,Miss,female,2,0,1,3,D,S,1,False,21,True,2female,11,Missfemale,False,femaleFalse,2femaleFalse,female1,femaleTrue
854,0,2,Mrs,female,4,1,0,2,None,S,1,False,42,False,4female,12,Mrsfemale,True,femaleTrue,4femaleTrue,female2,femaleFalse
855,1,3,Mrs,female,2,0,1,1,None,S,1,False,23,False,2female,13,Mrsfemale,True,femaleTrue,2femaleTrue,female3,femaleFalse
856,1,1,Mrs,female,4,1,1,3,None,S,2,False,41,False,4female,21,Mrsfemale,True,femaleTrue,4femaleTrue,female1,femaleFalse
857,1,1,Mr,male,5,0,0,2,E,S,0,True,51,True,5male,01,Mrmale,False,maleFalse,5maleFalse,male1,maleTrue
858,1,3,Mrs,female,3,0,3,2,None,C,3,False,33,False,3female,33,Mrsfemale,True,femaleTrue,3femaleTrue,female3,femaleFalse
859,0,3,Mr,male,2,0,0,0,None,C,0,True,23,False,2male,03,Mrmale,False,maleFalse,2maleFalse,male3,maleFalse
860,0,3,Mr,male,4,2,0,1,None,S,2,False,43,False,4male,23,Mrmale,False,maleFalse,4maleFalse,male3,maleFalse
861,0,2,Mr,male,3,1,0,1,None,S,1,False,32,False,3male,12,Mrmale,True,maleTrue,3maleTrue,male2,maleFalse
862,1,1,Mrs,female,4,0,0,2,D,S,0,True,41,True,4female,01,Mrsfemale,True,femaleTrue,4femaleTrue,female1,femaleTrue
863,0,3,Miss,female,2,8,2,3,None,S,10,False,23,False,2female,103,Missfemale,False,femaleFalse,2femaleFalse,female3,femaleFalse
864,0,2,Mr,male,3,0,0,1,None,S,0,True,32,False,3male,02,Mrmale,False,maleFalse,3maleFalse,male2,maleFalse
865,1,2,Mrs,female,4,0,0,1,None,S,0,True,42,False,4female,02,Mrsfemale,True,femaleTrue,4femaleTrue,female2,femaleFalse
866,1,2,Miss,female,3,1,0,1,None,C,1,False,32,False,3female,12,Missfemale,False,femaleFalse,3femaleFalse,female2,femaleFalse
867,0,1,Mr,male,4,0,0,3,A,S,0,True,41,True,4male,01,Mrmale,False,maleFalse,4maleFalse,male1,maleTrue
868,0,3,Mr,male,2,0,0,1,None,S,0,True,23,False,2male,03,Mrmale,False,maleFalse,2maleFalse,male3,maleFalse
869,1,3,Master,male,1,1,1,1,None,S,2,False,13,False,1male,23,Mastermale,False,maleFalse,1maleFalse,male3,maleFalse
870,0,3,Mr,male,3,0,0,0,None,S,0,True,33,False,3male,03,Mrmale,False,maleFalse,3maleFalse,male3,maleFalse
871,1,1,Mrs,female,4,1,1,3,D,S,2,False,41,True,4female,21,Mrsfemale,True,femaleTrue,4femaleTrue,female1,femaleTrue
872,0,1,Mr,male,4,0,0,0,B,S,0,True,41,True,4male,01,Mrmale,False,maleFalse,4maleFalse,male1,maleTrue
873,0,3,Mr,male,4,0,0,1,None,S,0,True,43,False,4male,03,Mrmale,False,maleFalse,4maleFalse,male3,maleFalse
874,1,2,Mrs,female,3,1,0,2,None,C,1,False,32,False,3female,12,Mrsfemale,True,femaleTrue,3femaleTrue,female2,femaleFalse
875,1,3,Miss,female,2,0,0,0,None,C,0,True,23,False,2female,03,Missfemale,False,femaleFalse,2femaleFalse,female3,femaleFalse
876,0,3,Mr,male,3,0,0,1,None,S,0,True,33,False,3male,03,Mrmale,False,maleFalse,3maleFalse,male3,maleFalse
877,0,3,Mr,male,2,0,0,0,None,S,0,True,23,False,2male,03,Mrmale,False,maleFalse,2maleFalse,male3,maleFalse
878,0,3,Mr,male,2,0,0,0,None,S,0,True,23,False,2male,03,Mrmale,False,maleFalse,2maleFalse,male3,maleFalse
879,1,1,Mrs,female,5,0,1,3,C,C,1,False,51,True,5female,11,Mrsfemale,True,femaleTrue,5femaleTrue,female1,femaleTrue
880,1,2,Mrs,female,3,0,1,2,None,S,1,False,32,False,3female,12,Mrsfemale,True,femaleTrue,3femaleTrue,female2,femaleFalse
881,0,3,Mr,male,4,0,0,0,None,S,0,True,43,False,4male,03,Mrmale,False,maleFalse,4maleFalse,male3,maleFalse
882,0,3,Miss,female,3,0,0,1,None,S,0,True,33,False,3female,03,Missfemale,False,femaleFalse,3femaleFalse,female3,femaleFalse
883,0,2,Mr,male,3,0,0,1,None,S,0,True,32,False,3male,02,Mrmale,False,maleFalse,3maleFalse,male2,maleFalse
884,0,3,Mr,male,3,0,0,0,None,S,0,True,33,False,3male,03,Mrmale,False,maleFalse,3maleFalse,male3,maleFalse
885,0,3,Mrs,female,4,0,5,2,None,Q,5,False,43,False,4female,53,Mrsfemale,True,femaleTrue,4femaleTrue,female3,femaleFalse
886,0,2,Uncommon,male,3,0,0,1,None,S,0,True,32,False,3male,02,Uncommonmale,False,maleFalse,3maleFalse,male2,maleFalse
887,1,1,Miss,female,2,0,0,2,B,S,0,True,21,True,2female,01,Missfemale,False,femaleFalse,2femaleFalse,female1,femaleTrue
888,0,3,Miss,female,2,1,2,2,None,S,3,False,23,False,2female,33,Missfemale,False,femaleFalse,2femaleFalse,female3,femaleFalse
889,1,1,Mr,male,3,0,0,2,C,C,0,True,31,True,3male,01,Mrmale,False,maleFalse,3maleFalse,male1,maleTrue
890,0,3,Mr,male,4,0,0,0,None,Q,0,True,43,False,4male,03,Mrmale,False,maleFalse,4maleFalse,male3,maleFalse
